Workbook

Sheet Qtr1
A1: Immunization Services for Infants and Children
A2: Fully Immunized Children & Completely Immunized Children
A3: Philippines, 2025 1st Quarter
A5: PSGC 10 | B5: Region, Province/City, and Municipality | C5: Projected Population (0-12 months old) (Previous cohort) | D5: FIC | H5: Projected population 0-12 months (previous cohort) minus previous FIC | I5: CIC
D6: Male | E6: Female | F6: Total | G6: % | I6: Male | J6: Female | K6: Total | L6: %
B7: PHILIPPINES | C7: 2392392 | D7: 186915 | E7: 180760 | F7: 367675 | G7: 15.36851 | H7: 840855 | I7: 25154 | J7: 23263 | K7: 48417 | L7: 5.7580677
A8: 1300000000 | B8: NCR | C8: 285798 | D8: 26952 | E8: 26307 | F8: 53259 | G8: 18.63519 | H8: 60578 | I8: 3869 | J8: 3668 | K8: 7537 | L8: 12.441811
A9: 1380100000 | B9: City of Caloocan | C9: 36488 | D9: 3002 | E9: 2894 | F9: 5896 | G9: 16.158737 | H9: 10459 | I9: 157 | J9: 110 | K9: 267 | L9: 2.5528253 | N9: Complete
A10: 1380200000 | B10: City of Las Piñas | C10: 12284 | D10: 1154 | E10: 1176 | F10: 2330 | G10: 18.967763 | H10: 2457 | I10: 206 | J10: 202 | K10: 408 | L10: 16.605617
A11: 1380300000 | B11: City of Makati | C11: 4580 | D11: 570 | E11: 530 | F11: 1100 | G11: 24.017467 | H11: 269 | I11: 18 | J11: 18 | K11: 36 | L11: 13.3829
A12: 1380400000 | B12: City of Malabon | C12: 8070 | D12: 565 | E12: 526 | F12: 1091 | G12: 13.519207 | H12: 1806 | I12: 129 | J12: 128 | K12: 257 | L12: 14.230343
A13: 1380500000 | B13: City of Mandaluyong | C13: 8672 | D13: 1009 | E13: 1041 | F13: 2050 | G13: 23.639299 | H13: 318 | I13: 279 | J13: 290 | K13: 569 | L13: 178.93082
A14: 1380600000 | B14: City of Manila | C14: 37288 | D14: 3976 | E14: 3897 | F14: 7873 | G14: 21.114031 | H14: 1758 | I14: 507 | J14: 495 | K14: 1002 | L14: 56.996587
A15: 1380700000 | B15: City of Marikina | C15: 9135 | D15: 399 | E15: 379 | F15: 778 | G15: 8.516694 | H15: 5810 | I15: 97 | J15: 77 | K15: 174 | L15: 2.9948365
A16: 1380800000 | B16: City of Muntinlupa | C16: 10788 | D16: 460 | E16: 490 | F16: 950 | G16: 8.8060808 | H16: 4892 | I16: 160 | J16: 179 | K16: 339 | L16: 6.9296811
A17: 1380900000 | B17: City of Navotas | C17: 5718 | D17: 650 | E17: 675 | F17: 1325 | G17: 23.172438 | H17: 276 | I17: 21 | J17: 21 | K17: 42 | L17: 15.217391
A18: 1381000000 | B18: City of Parañaque | C18: 14517 | D18: 1267 | E18: 1221 | F18: 2488 | G18: 17.138527 | H18: 2053 | I18: 106 | J18: 93 | K18: 199 | L18: 9.693132
A19: 1381100000 | B19: Pasay City | C19: 7684 | D19: 759 | E19: 663 | F19: 1422 | G19: 18.505986 | H19: 1507 | I19: 115 | J19: 92 | K19: 207 | L19: 13.735899
A20: 1381200000 | B20: City of Pasig | C20: 19265 | D20: 2392 | E20: 2339 | F20: 4731 | G20: 24.557488 | H20: 2803 | I20: 243 | J20: 232 | K20: 475 | L20: 16.946129
A21: 1381300000 | B21: Quezon City | C21: 64737 | D21: 7835 | E21: 7662 | F21: 15497 | G21: 23.938397 | H21: -868 | I21: 781 | J21: 776 | K21: 1557 | L21: -179.37788
A22: 1381400000 | B22: City of San Juan | C22: 2363 | D22: 103 | E22: 96 | F22: 199 | G22: 8.4214981 | H22: 1266 | I22: 35 | J22: 23 | K22: 58 | L22: 4.5813586
A23: 1381500000 | B23: City of Taguig | C23: 28175 | D23: 1401 | E23: 1420 | F23: 2821 | G23: 10.012422 | H23: 17945 | I23: 918 | J23: 846 | K23: 1764 | L23: 9.8300362
A24: 1381600000 | B24: City of Valenzuela | C24: 14813 | D24: 1320 | E24: 1208 | F24: 2528 | G24: 17.066091 | H24: 7459 | I24: 92 | J24: 73 | K24: 165 | L24: 2.2120928
A25: 1381701000 | B25: Pateros | C25: 1221 | D25: 90 | E25: 90 | F25: 180 | G25: 14.742015 | H25: 368 | I25: 5 | J25: 13 | K25: 18 | L25: 4.8913043
A26: 1400000000 | B26: CAR | C26: 34199 | D26: 2711 | E26: 2586 | F26: 5297 | G26: 15.488757 | H26: 11531 | I26: 207 | J26: 190 | K26: 397 | L26: 3.4428931
A27: 1400100000 | B27: Abra | C27: 3951 | D27: 364 | E27: 367 | F27: 731 | G27: 18.501645 | H27: 758 | I27: 3 | J27: 5 | K27: 8 | L27: 1.055409
A28: 1400101000 | B28: Bangued | C28: 808 | D28: 95 | E28: 95 | F28: 190 | G28: 23.514851 | H28: 62 | I28: 0 | J28: 0 | K28: 0 | L28: 0
A29: 1400102000 | B29: Boliney | C29: 79 | D29: 8 | E29: 2 | F29: 10 | G29: 12.658228 | H29: 41 | I29: 0 | J29: 0 | K29: 0 | L29: 0
A30: 1400103000 | B30: Bucay | C30: 279 | D30: 23 | E30: 31 | F30: 54 | G30: 19.354839 | H30: 24 | I30: 3 | J30: 2 | K30: 5 | L30: 20.833333
A31: 1400104000 | B31: Bucloc | C31: 30 | D31: 5 | E31: 4 | F31: 9 | G31: 30 | H31: 17 | I31: 0 | J31: 0 | K31: 0 | L31: 0
A32: 1400105000 | B32: Daguioman | C32: 34 | D32: 0 | E32: 1 | F32: 1 | G32: 2.9411765 | H32: 9 | I32: 0 | J32: 0 | K32: 0 | L32: 0
A33: 1400106000 | B33: Danglas | C33: 60 | D33: 12 | E33: 7 | F33: 19 | G33: 31.666667 | H33: 0 | I33: 0 | J33: 0 | K33: 0 | L33: 0
A34: 1400107000 | B34: Dolores | C34: 193 | D34: 12 | E34: 17 | F34: 29 | G34: 15.025907 | H34: 20 | I34: 0 | J34: 0 | K34: 0 | L34: 0
A35: 1400108000 | B35: La Paz | C35: 268 | D35: 20 | E35: 19 | F35: 39 | G35: 14.552239 | H35: -2 | I35: 0 | J35: 0 | K35: 0 | L35: 0
A36: 1400109000 | B36: Lacub | C36: 67 | D36: 1 | E36: 7 | F36: 8 | G36: 11.940299 | H36: 42 | I36: 0 | J36: 0 | K36: 0 | L36: 0
A37: 1400110000 | B37: Lagangilang | C37: 243 | D37: 16 | E37: 26 | F37: 42 | G37: 17.283951 | H37: 46 | I37: 0 | J37: 0 | K37: 0 | L37: 0
A38: 1400111000 | B38: Lagayan | C38: 64 | D38: 7 | E38: 9 | F38: 16 | G38: 25 | H38: 3 | I38: 0 | J38: 0 | K38: 0 | L38: 0
... A54: 1400127000 | B54: Villaviciosa | C54: 91 | D54: 12 | E54: 4 | F54: 16 | G54: 17.582418 | H54: 27 | I54: 0 | J54: 0 | K54: 0 | L54: 0
A55: 1401100000 | B55: Benguet | C55: 9666 | D55: 603 | E55: 596 | F55: 1199 | G55: 12.404304 | H55: 4686 | I55: 75 | J55: 88 | K55: 163 | L55: 3.4784464
A56: 1401101000 | B56: Atok | C56: 364 | D56: 17 | E56: 24 | F56: 41 | G56: 11.263736 | H56: 174 | I56: 1 | J56: 0 | K56: 1 | L56: 0.57471264
A57: 1401103000 | B57: Bakun | C57: 326 | D57: 17 | E57: 15 | F57: 32 | G57: 9.8159509 | H57: 169 | I57: 2 | J57: 1 | K57: 3 | L57: 1.7751479
A58: 1401104000 | B58: Bokod | C58: 317 | D58: 22 | E58: 19 | F58: 41 | G58: 12.933754 | H58: 136 | I58: 0 | J58: 0 | K58: 0 | L58: 0
A59: 1401105000 | B59: Buguias | C59: 1045 | D59: 59 | E59: 71 | F59: 130 | G59: 12.440191 | H59: 477 | I59: 1 | J59: 4 | K59: 5 | L59: 1.048218
A60: 1401106000 | B60: Itogon | C60: 1208 | D60: 57 | E60: 52 | F60: 109 | G60: 9.0231788 | H60: 746 | I60: 5 | J60: 11 | K60: 16 | L60: 2.1447721
A61: 1401107000 | B61: Kabayan | C61: 340 | D61: 24 | E61: 36 | F61: 60 | G61: 17.647059 | H61: 132 | I61: 3 | J61: 2 | K61: 5 | L61: 3.7878788
A62: 1401108000 | B62: Kapangan | C62: 294 | D62: 22 | E62: 26 | F62: 48 | G62: 16.326531 | H62: 117 | I62: 1 | J62: 0 | K62: 1 | L62: 0.85470085
A63: 1401109000 | B63: Kibungan | C63: 411 | D63: 20 | E63: 16 | F63: 36 | G63: 8.7591241 | H63: 207 | I63: 3 | J63: 6 | K63: 9 | L63: 4.3478261
A64: 1401110000 | B64: La Trinidad | C64: 2934 | D64: 172 | E64: 175 | F64: 347 | G64: 11.826858 | H64: 1465 | I64: 35 | J64: 41 | K64: 76 | L64: 5.1877133
A65: 1401111000 | B65: Mankayan | C65: 936 | D65: 75 | E65: 67 | F65: 142 | G65: 15.17094 | H65: 427 | I65: 3 | J65: 3 | K65: 6 | L65: 1.4051522
A66: 1401112000 | B66: Sablan | C66: 182 | D66: 14 | E66: 12 | F66: 26 | G66: 14.285714 | H66: 63 | I66: 2 | J66: 0 | K66: 2 | L66: 3.1746032
A67: 1401113000 | B67: Tuba | C67: 911 | D67: 59 | E67: 49 | F67: 108 | G67: 11.855104 | H67: 532 | I67: 19 | J67: 20 | K67: 39 | L67: 7.3308271
A68: 1401114000 | B68: Tublay | C68: 398 | D68: 45 | E68: 34 | F68: 79 | G68: 19.849246 | H68: 41 | I68: 0 | J68: 0 | K68: 0 | L68: 0
A69: 1402700000 | B69: Ifugao | C69: 4502 | D69: 322 | E69: 301 | F69: 623 | G69: 13.838294 | H69: 1516 | I69: 30 | J69: 25 | K69: 55 | L69: 3.6279683
A70: 1402701000 | B70: Banaue | C70: 368 | D70: 16 | E70: 20 | F70: 36 | G70: 9.7826087 | H70: 145 | I70: 8 | J70: 2 | K70: 10 | L70: 6.8965517
A71: 1402702000 | B71: Hungduan | C71: 187 | D71: 13 | E71: 10 | F71: 23 | G71: 12.299465 | H71: 90 | I71: 0 | J71: 0 | K71: 0 | L71: 0
A72: 1402703000 | B72: Kiangan | C72: 336 | D72: 21 | E72: 25 | F72: 46 | G72: 13.690476 | H72: 102 | I72: 2 | J72: 0 | K72: 2 | L72: 1.9607843
A73: 1402704000 | B73: Lagawe | C73: 373 | D73: 27 | E73: 19 | F73: 46 | G73: 12.33244 | H73: 124 | I73: 4 | J73: 4 | K73: 8 | L73: 6.4516129
A74: 1402705000 | B74: Lamut | C74: 531 | D74: 39 | E74: 38 | F74: 77 | G74: 14.500942 | H74: 152 | I74: 12 | J74: 17 | K74: 29 | L74: 19.078947
A75: 1402706000 | B75: Mayoyao | C75: 320 | D75: 16 | E75: 17 | F75: 33 | G75: 10.3125 | H75: 178 | I75: 0 | J75: 0 | K75: 0 | L75: 0
A76: 1402707000 | B76: Alfonso Lista | C76: 705 | D76: 64 | E76: 57 | F76: 121 | G76: 17.163121 | H76: 117 | I76: 1 | J76: 0 | K76: 1 | L76: 0.85470085
A77: 1402708000 | B77: Aguinaldo | C77: 556 | D77: 45 | E77: 39 | F77: 84 | G77: 15.107914 | H77: 193 | I77: 2 | J77: 1 | K77: 3 | L77: 1.5544041
A78: 1402709000 | B78: Hingyon | C78: 174 | D78: 10 | E78: 13 | F78: 23 | G78: 13.218391 | H78: 68 | I78: 1 | J78: 0 | K78: 1 | L78: 1.4705882
A79: 1402710000 | B79: Tinoc | C79: 484 | D79: 38 | E79: 31 | F79: 69 | G79: 14.256198 | H79: 132 | I79: 0 | J79: 1 | K79: 1 | L79: 0.75757576
A80: 1402711000 | B80: Asipulo | C80: 468 | D80: 33 | E80: 32 | F80: 65 | G80: 13.888889 | H80: 215 | I80: 0 | J80: 0 | K80: 0 | L80: 0
A81: 1403200000 | B81: Kalinga | C81: 4979 | D81: 509 | E81: 415 | F81: 924 | G81: 18.557943 | H81: 906 | I81: 1 | J81: 1 | K81: 2 | L81: 0.22075055
A82: 1403201000 | B82: Balbalan | C82: 198 | D82: 17 | E82: 30 | F82: 47 | G82: 23.737374 | H82: 46 | I82: 0 | J82: 0 | K82: 0 | L82: 0
A83: 1403206000 | B83: Lubuagan | C83: 181 | D83: 20 | E83: 13 | F83: 33 | G83: 18.232044 | H83: 51 | I83: 0 | J83: 0 | K83: 0 | L83: 0
A84: 1403208000 | B84: Pasil | C84: 207 | D84: 14 | E84: 16 | F84: 30 | G84: 14.492754 | H84: 86 | I84: 0 | J84: 0 | K84: 0 | L84: 0
A85: 1403209000 | B85: Pinukpuk | C85: 739 | D85: 54 | E85: 34 | F85: 88 | G85: 11.907984 | H85: 351 | I85: 0 | J85: 0 | K85: 0 | L85: 0
A86: 1403211000 | B86: Rizal | C86: 419 | D86: 42 | E86: 23 | F86: 65 | G86: 15.513126 | H86: 121 | I86: 0 | J86: 0 | K86: 0 | L86: 0
A87: 1403213000 | B87: City of Tabuk | C87: 2809 | D87: 320 | E87: 275 | F87: 595 | G87: 21.181915 | H87: 106 | I87: 0 | J87: 0 | K87: 0 | L87: 0
A88: 1403214000 | B88: Tanudan | C88: 151 | D88: 20 | E88: 11 | F88: 31 | G88: 20.529801 | H88: 23 | I88: 0 | J88: 0 | K88: 0 | L88: 0
A89: 1403215000 | B89: Tinglayan | C89: 275 | D89: 22 | E89: 13 | F89: 35 | G89: 12.727273 | H89: 122 | I89: 1 | J89: 1 | K89: 2 | L89: 1.6393443
A90: 1404400000 | B90: Mountain Province | C90: 2838 | D90: 268 | E90: 252 | F90: 520 | G90: 18.322763 | H90: 820 | I90: 5 | J90: 0 | K90: 5 | L90: 0.6097561
A91: 1404401000 | B91: Barlig | C91: 81 | D91: 4 | E91: 3 | F91: 7 | G91: 8.6419753 | H91: 33 | I91: 0 | J91: 0 | K91: 0 | L91: 0
A92: 1404402000 | B92: Bauko | C92: 605 | D92: 76 | E92: 54 | F92: 130 | G92: 21.487603 | H92: 78 | I92: 0 | J92: 0 | K92: 0 | L92: 0
A93: 1404403000 | B93: Besao | C93: 124 | D93: 13 | E93: 9 | F93: 22 | G93: 17.741935 | H93: 50 | I93: 0 | J93: 0 | K93: 0 | L93: 0
A94: 1404404000 | B94: Bontoc | C94: 405 | D94: 24 | E94: 43 | F94: 67 | G94: 16.54321 | H94: 109 | I94: 1 | J94: 0 | K94: 1 | L94: 0.91743119
A95: 1404405000 | B95: Natonin | C95: 183 | D95: 29 | E95: 14 | F95: 43 | G95: 23.497268 | H95: 47 | I95: 0 | J95: 0 | K95: 0 | L95: 0
A96: 1404406000 | B96: Paracelis | C96: 712 | D96: 66 | E96: 64 | F96: 130 | G96: 18.258427 | H96: 298 | I96: 4 | J96: 0 | K96: 4 | L96: 1.3422819
A97: 1404407000 | B97: Sabangan | C97: 160 | D97: 13 | E97: 15 | F97: 28 | G97: 17.5 | H97: 66 | I97: 0 | J97: 0 | K97: 0 | L97: 0
A98: 1404408000 | B98: Sadanga | C98: 125 | D98: 10 | E98: 12 | F98: 22 | G98: 17.6 | H98: 2 | I98: 0 | J98: 0 | K98: 0 | L98: 0
A99: 1404409000 | B99: Sagada | C99: 168 | D99: 17 | E99: 11 | F99: 28 | G99: 16.666667 | H99: 64 | I99: 0 | J99: 0 | K99: 0 | L99: 0
A100: 1404410000 | B100: Tadian | C100: 275 | D100: 16 | E100: 27 | F100: 43 | G100: 15.636364 | H100: 73 | I100: 0 | J100: 0 | K100: 0 | L100: 0
A101: 1408100000 | B101: Apayao | C101: 2416 | D101: 178 | E101: 192 | F101: 370 | G101: 15.31457 | H101: 689 | I101: 9 | J101: 3 | K101: 12 | L101: 1.7416546
A102: 1408101000 | B102: Calanasan | C102: 215 | D102: 13 | E102: 15 | F102: 28 | G102: 13.023256 | H102: 62 | I102: 0 | J102: 0 | K102: 0 | L102: 0
A103: 1408102000 | B103: Conner | C103: 621 | D103: 40 | E103: 51 | F103: 91 | G103: 14.653784 | H103: 229 | I103: 5 | J103: 0 | K103: 5 | L103: 2.1834061
A104: 1408103000 | B104: Flora | C104: 351 | D104: 23 | E104: 26 | F104: 49 | G104: 13.960114 | H104: 146 | I104: 1 | J104: 0 | K104: 1 | L104: 0.68493151
A105: 1408104000 | B105: Kabugao | C105: 291 | D105: 29 | E105: 26 | F105: 55 | G105: 18.900344 | H105: 39 | I105: 3 | J105: 3 | K105: 6 | L105: 15.384615
A106: 1408105000 | B106: Luna | C106: 440 | D106: 31 | E106: 33 | F106: 64 | G106: 14.545455 | H106: 162 | I106: 0 | J106: 0 | K106: 0 | L106: 0
A107: 1408106000 | B107: Pudtol | C107: 266 | D107: 21 | E107: 23 | F107: 44 | G107: 16.541353 | H107: 18 | I107: 0 | J107: 0 | K107: 0 | L107: 0
A108: 1408107000 | B108: Santa Marcela | C108: 232 | D108: 21 | E108: 18 | F108: 39 | G108: 16.810345 | H108: 33 | I108: 0 | J108: 0 | K108: 0 | L108: 0
A109: 1430300000 | B109: City of Baguio | C109: 5847 | D109: 467 | E109: 463 | F109: 930 | G109: 15.905593 | H109: 2156 | I109: 84 | J109: 68 | K109: 152 | L109: 7.0500928
A110: 0100000000 | B110: Region 1 | C110: 104281 | D110: 9088 | E110: 8782 | F110: 17870 | G110: 17.136391 | H110: 25963 | I110: 183 | J110: 162 | K110: 345 | L110: 1.3288141
A111: 0102800000 | B111: Ilocos Norte | C111: 9590 | D111: 1055 | E111: 1025 | F111: 2080 | G111: 21.68926 | H111: 870 | I111: 0 | J111: 0 | K111: 0 | L111: 0
A112: 0102801000 | B112: Adams | C112: 59 | D112: 0 | E112: 2 | F112: 2 | G112: 3.3898305 | H112: 39 | I112: 0 | J112: 0 | K112: 0 | L112: 0
A113: 0102802000 | B113: Bacarra | C113: 472 | D113: 48 | E113: 52 | F113: 100 | G113: 21.186441 | H113: 105 | I113: 0 | J113: 0 | K113: 0 | L113: 0
A114: 0102803000 | B114: Badoc | C114: 467 | D114: 64 | E114: 58 | F114: 122 | G114: 26.124197 | H114: 86 | I114: 0 | J114: 0 | K114: 0 | L114: 0
A115: 0102804000 | B115: Bangui | C115: 189 | D115: 13 | E115: 27 | F115: 40 | G115: 21.164021 | H115: -11 | I115: 0 | J115: 0 | K115: 0 | L115: 0
A116: 0102805000 | B116: City of Batac | C116: 874 | D116: 83 | E116: 85 | F116: 168 | G116: 19.221968 | H116: 98 | I116: 0 | J116: 0 | K116: 0 | L116: 0
...

Sheet Jan
A1: Immunization Services for Infants and Children
A2: Fully Immunized Children & Completely Immunized Children
A3: Philippines, 2025 January
A5: PSGC 10 | B5: Region, Province/City, and Municipality | C5: Projected Population (0-12 months old) (Previous cohort) | D5: FIC | H5: Projected population 0-12 months (previous cohort) minus previous FIC | I5: CIC
D6: Male | E6: Female | F6: Total | G6: % | I6: Male | J6: Female | K6: Total | L6: %
B7: PHILIPPINES | C7: 2392392 | D7: 63436 | E7: 61065 | F7: 124501 | G7: 5.2040385 | H7: 840855 | I7: 7033 | J7: 6619 | K7: 13652 | L7: 1.6235855
A8: 1300000000 | B8: NCR | C8: 285798 | D8: 8516 | E8: 8360 | F8: 16876 | G8: 5.9048699 | H8: 60578 | I8: 842 | J8: 792 | K8: 1634 | L8: 2.6973489
A9: 1380100000 | B9: City of Caloocan | C9: 36488 | D9: 892 | E9: 958 | F9: 1850 | G9: 5.0701601 | H9: 10459 | I9: 53 | J9: 38 | K9: 91 | L9: 0.87006406
A10: 1380200000 | B10: City of Las Piñas | C10: 12284 | D10: 366 | E10: 345 | F10: 711 | G10: 5.7880169 | H10: 2457 | I10: 39 | J10: 34 | K10: 73 | L10: 2.971103
A11: 1380300000 | B11: City of Makati | C11: 4580 | D11: 195 | E11: 157 | F11: 352 | G11: 7.6855895 | H11: 269 | I11: 7 | J11: 4 | K11: 11 | L11: 4.0892193
A12: 1380400000 | B12: City of Malabon | C12: 8070 | D12: 202 | E12: 202 | F12: 404 | G12: 5.0061958 | H12: 1806 | I12: 60 | J12: 53 | K12: 113 | L12: 6.2569214
A13: 1380500000 | B13: City of Mandaluyong | C13: 8672 | D13: 232 | E13: 256 | F13: 488 | G13: 5.6273063 | H13: 318 | I13: 10 | J13: 4 | K13: 14 | L13: 4.4025157
A14: 1380600000 | B14: City of Manila | C14: 37288 | D14: 1053 | E14: 956 | F14: 2009 | G14: 5.3877923 | H14: 1758 | I14: 3 | J14: 27 | K14: 30 | L14: 1.7064846
A15: 1380700000 | B15: City of Marikina | C15: 9135 | D15: 132 | E15: 122 | F15: 254 | G15: 2.7805145 | H15: 5810 | I15: 27 | J15: 25 | K15: 52 | L15: 0.89500861
A16: 1380800000 | B16: City of Muntinlupa | C16: 10788 | D16: 160 | E16: 184 | F16: 344 | G16: 3.1887282 | H16: 4892 | I16: 45 | J16: 56 | K16: 101 | L16: 2.0645953
A17: 1380900000 | B17: City of Navotas | C17: 5718 | D17: 192 | E17: 198 | F17: 390 | G17: 6.8205666 | H17: 276 | I17: 7 | J17: 5 | K17: 12 | L17: 4.3478261
A18: 1381000000 | B18: City of Parañaque | C18: 14517 | D18: 389 | E18: 371 | F18: 760 | G18: 5.2352414 | H18: 2053 | I18: 31 | J18: 27 | K18: 58 | L18: 2.825134
A19: 1381100000 | B19: Pasay City | C19: 7684 | D19: 278 | E19: 211 | F19: 489 | G19: 6.363873 | H19: 1507 | I19: 20 | J19: 16 | K19: 36 | L19: 2.388852
A20: 1381200000 | B20: City of Pasig | C20: 19265 | D20: 844 | E20: 850 | F20: 1694 | G20: 8.7931482 | H20: 2803 | I20: 24 | J20: 20 | K20: 44 | L20: 1.5697467
A21: 1381300000 | B21: Quezon City | C21: 64737 | D21: 2589 | E21: 2634 | F21: 5223 | G21: 8.0680291 | H21: -868 | I21: 256 | J21: 243 | K21: 499 | L21: -57.488479
A22: 1381400000 | B22: City of San Juan | C22: 2363 | D22: 42 | E22: 31 | F22: 73 | G22: 3.0892933 | H22: 1266 | I22: 12 | J22: 13 | K22: 25 | L22: 1.9747235
A23: 1381500000 | B23: City of Taguig | C23: 28175 | D23: 492 | E23: 465 | F23: 957 | G23: 3.3966282 | H23: 17945 | I23: 214 | J23: 197 | K23: 411 | L23: 2.2903316
A24: 1381600000 | B24: City of Valenzuela | C24: 14813 | D24: 428 | E24: 400 | F24: 828 | G24: 5.5896847 | H24: 7459 | I24: 33 | J24: 30 | K24: 63 | L24: 0.84461724
A25: 1381701000 | B25: Pateros | C25: 1221 | D25: 30 | E25: 20 | F25: 50 | G25: 4.0950041 | H25: 368 | I25: 1 | J25: 0 | K25: 1 | L25: 0.27173913
A26: 1400000000 | B26: CAR | C26: 34199 | D26: 987 | E26: 856 | F26: 1843 | G26: 5.3890465 | H26: 11531 | I26: 78 | J26: 72 | K26: 150 | L26: 1.3008412
A27: 1400100000 | B27: Abra | C27: 3951 | D27: 156 | E27: 150 | F27: 306 | G27: 7.7448747 | H27: 758 | I27: 0 | J27: 2 | K27: 2 | L27: 0.26385224
A28: 1400101000 | B28: Bangued | C28: 808 | D28: 32 | E28: 38 | F28: 70 | G28: 8.6633663 | H28: 62 | I28: 0 | J28: 0 | K28: 0 | L28: 0
A29: 1400102000 | B29: Boliney | C29: 79 | D29: 6 | E29: 2 | F29: 8 | G29: 10.126582 | H29: 41 | I29: 0 | J29: 0 | K29: 0 | L29: 0
A30: 1400103000 | B30: Bucay | C30: 279 | D30: 11 | E30: 11 | F30: 22 | G30: 7.8853047 | H30: 24 | I30: 0 | J30: 0 | K30: 0 | L30: 0
A31: 1400104000 | B31: Bucloc | C31: 30 | D31: 2 | E31: 1 | F31: 3 | G31: 10 | H31: 17 | I31: 0 | J31: 0 | K31: 0 | L31: 0
A32: 1400105000 | B32: Daguioman | C32: 34 | D32: 0 | E32: 1 | F32: 1 | G32: 2.9411765 | H32: 9 | I32: 0 | J32: 0 | K32: 0 | L32: 0
A33: 1400106000 | B33: Danglas | C33: 60 | D33: 6 | E33: 2 | F33: 8 | G33: 13.333333 | H33: 0 | I33: 0 | J33: 0 | K33: 0 | L33: 0
A34: 1400107000 | B34: Dolores | C34: 193 | D34: 9 | E34: 4 | F34: 13 | G34: 6.7357513 | H34: 20 | I34: 0 | J34: 0 | K34: 0 | L34: 0
A35: 1400108000 | B35: La Paz | C35: 268 | D35: 7 | E35: 9 | F35: 16 | G35: 5.9701493 | H35: -2 | I35: 0 | J35: 0 | K35: 0 | L35: 0
A36: 1400109000 | B36: Lacub | C36: 67 | D36: 1 | E36: 3 | F36: 4 | G36: 5.9701493 | H36: 42 | I36: 0 | J36: 0 | K36: 0 | L36: 0
A37: 1400110000 | B37: Lagangilang | C37: 243 | D37: 9 | E37: 10 | F37: 19 | G37: 7.81893 | H37: 46 | I37: 0 | J37: 0 | K37: 0 | L37: 0
A38: 1400111000 | B38: Lagayan | C38: 64 | D38: 3 | E38: 4 | F38: 7 | G38: 10.9375 | H38: 3 | I38: 0 | J38: 0 | K38: 0 | L38: 0
... A54: 1400127000 | B54: Villaviciosa | C54: 91 | D54: 3 | E54: 2 | F54: 5 | G54: 5.4945055 | H54: 27 | I54: 0 | J54: 0 | K54: 0 | L54: 0
A55: 1401100000 | B55: Benguet | C55: 9666 | D55: 184 | E55: 150 | F55: 334 | G55: 3.4554107 | H55: 4686 | I55: 20 | J55: 16 | K55: 36 | L55: 0.76824584
A56: 1401101000 | B56: Atok | C56: 364 | D56: 7 | E56: 8 | F56: 15 | G56: 4.1208791 | H56: 174 | I56: 0 | J56: 0 | K56: 0 | L56: 0
A57: 1401103000 | B57: Bakun | C57: 326 | D57: 6 | E57: 4 | F57: 10 | G57: 3.0674847 | H57: 169 | I57: 1 | J57: 1 | K57: 2 | L57: 1.183432
A58: 1401104000 | B58: Bokod | C58: 317 | D58: 0 | E58: 0 | F58: 0 | G58: 0 | H58: 136 | I58: 0 | J58: 0 | K58: 0 | L58: 0
A59: 1401105000 | B59: Buguias | C59: 1045 | D59: 16 | E59: 14 | F59: 30 | G59: 2.8708134 | H59: 477 | I59: 0 | J59: 1 | K59: 1 | L59: 0.20964361
A60: 1401106000 | B60: Itogon | C60: 1208 | D60: 24 | E60: 21 | F60: 45 | G60: 3.7251656 | H60: 746 | I60: 0 | J60: 1 | K60: 1 | L60: 0.13404826
A61: 1401107000 | B61: Kabayan | C61: 340 | D61: 12 | E61: 14 | F61: 26 | G61: 7.6470588 | H61: 132 | I61: 0 | J61: 0 | K61: 0 | L61: 0
A62: 1401108000 | B62: Kapangan | C62: 294 | D62: 7 | E62: 8 | F62: 15 | G62: 5.1020408 | H62: 117 | I62: 1 | J62: 0 | K62: 1 | L62: 0.85470085
A63: 1401109000 | B63: Kibungan | C63: 411 | D63: 11 | E63: 3 | F63: 14 | G63: 3.406326 | H63: 207 | I63: 3 | J63: 2 | K63: 5 | L63: 2.4154589
A64: 1401110000 | B64: La Trinidad | C64: 2934 | D64: 46 | E64: 35 | F64: 81 | G64: 2.7607362 | H64: 1465 | I64: 7 | J64: 5 | K64: 12 | L64: 0.81911263
A65: 1401111000 | B65: Mankayan | C65: 936 | D65: 19 | E65: 16 | F65: 35 | G65: 3.7393162 | H65: 427 | I65: 2 | J65: 0 | K65: 2 | L65: 0.46838407
A66: 1401112000 | B66: Sablan | C66: 182 | D66: 3 | E66: 2 | F66: 5 | G66: 2.7472527 | H66: 63 | I66: 1 | J66: 0 | K66: 1 | L66: 1.5873016
A67: 1401113000 | B67: Tuba | C67: 911 | D67: 14 | E67: 12 | F67: 26 | G67: 2.8540066 | H67: 532 | I67: 5 | J67: 6 | K67: 11 | L67: 2.0676692
A68: 1401114000 | B68: Tublay | C68: 398 | D68: 19 | E68: 13 | F68: 32 | G68: 8.040201 | H68: 41 | I68: 0 | J68: 0 | K68: 0 | L68: 0
A69: 1402700000 | B69: Ifugao | C69: 4502 | D69: 117 | E69: 119 | F69: 236 | G69: 5.2421146 | H69: 1516 | I69: 15 | J69: 18 | K69: 33 | L69: 2.176781
A70: 1402701000 | B70: Banaue | C70: 368 | D70: 6 | E70: 10 | F70: 16 | G70: 4.3478261 | H70: 145 | I70: 2 | J70: 0 | K70: 2 | L70: 1.3793103
A71: 1402702000 | B71: Hungduan | C71: 187 | D71: 8 | E71: 4 | F71: 12 | G71: 6.4171123 | H71: 90 | I71: 0 | J71: 0 | K71: 0 | L71: 0
A72: 1402703000 | B72: Kiangan | C72: 336 | D72: 5 | E72: 6 | F72: 11 | G72: 3.2738095 | H72: 102 | I72: 1 | J72: 0 | K72: 1 | L72: 0.98039216
A73: 1402704000 | B73: Lagawe | C73: 373 | D73: 8 | E73: 7 | F73: 15 | G73: 4.0214477 | H73: 124 | I73: 1 | J73: 1 | K73: 2 | L73: 1.6129032
A74: 1402705000 | B74: Lamut | C74: 531 | D74: 11 | E74: 17 | F74: 28 | G74: 5.2730697 | H74: 152 | I74: 11 | J74: 17 | K74: 28 | L74: 18.421053
A75: 1402706000 | B75: Mayoyao | C75: 320 | D75: 2 | E75: 7 | F75: 9 | G75: 2.8125 | H75: 178 | I75: 0 | J75: 0 | K75: 0 | L75: 0
A76: 1402707000 | B76: Alfonso Lista | C76: 705 | D76: 24 | E76: 27 | F76: 51 | G76: 7.2340426 | H76: 117 | I76: 0 | J76: 0 | K76: 0 | L76: 0
A77: 1402708000 | B77: Aguinaldo | C77: 556 | D77: 22 | E77: 14 | F77: 36 | G77: 6.4748201 | H77: 193 | I77: 0 | J77: 0 | K77: 0 | L77: 0
A78: 1402709000 | B78: Hingyon | C78: 174 | D78: 3 | E78: 4 | F78: 7 | G78: 4.0229885 | H78: 68 | I78: 0 | J78: 0 | K78: 0 | L78: 0
A79: 1402710000 | B79: Tinoc | C79: 484 | D79: 16 | E79: 13 | F79: 29 | G79: 5.9917355 | H79: 132 | I79: 0 | J79: 0 | K79: 0 | L79: 0
A80: 1402711000 | B80: Asipulo | C80: 468 | D80: 12 | E80: 10 | F80: 22 | G80: 4.7008547 | H80: 215 | I80: 0 | J80: 0 | K80: 0 | L80: 0
A81: 1403200000 | B81: Kalinga | C81: 4979 | D81: 201 | E81: 150 | F81: 351 | G81: 7.0496084 | H81: 906 | I81: 0 | J81: 0 | K81: 0 | L81: 0
A82: 1403201000 | B82: Balbalan | C82: 198 | D82: 7 | E82: 9 | F82: 16 | G82: 8.0808081 | H82: 46 | I82: 0 | J82: 0 | K82: 0 | L82: 0
A83: 1403206000 | B83: Lubuagan | C83: 181 | D83: 9 | E83: 5 | F83: 14 | G83: 7.7348066 | H83: 51 | I83: 0 | J83: 0 | K83: 0 | L83: 0
A84: 1403208000 | B84: Pasil | C84: 207 | D84: 4 | E84: 6 | F84: 10 | G84: 4.8309179 | H84: 86 | I84: 0 | J84: 0 | K84: 0 | L84: 0
A85: 1403209000 | B85: Pinukpuk | C85: 739 | D85: 25 | E85: 13 | F85: 38 | G85: 5.1420839 | H85: 351 | I85: 0 | J85: 0 | K85: 0 | L85: 0
A86: 1403211000 | B86: Rizal | C86: 419 | D86: 19 | E86: 11 | F86: 30 | G86: 7.1599045 | H86: 121 | I86: 0 | J86: 0 | K86: 0 | L86: 0
A87: 1403213000 | B87: City of Tabuk | C87: 2809 | D87: 125 | E87: 96 | F87: 221 | G87: 7.8675685 | H87: 106 | I87: 0 | J87: 0 | K87: 0 | L87: 0
A88: 1403214000 | B88: Tanudan | C88: 151 | D88: 6 | E88: 5 | F88: 11 | G88: 7.2847682 | H88: 23 | I88: 0 | J88: 0 | K88: 0 | L88: 0
A89: 1403215000 | B89: Tinglayan | C89: 275 | D89: 6 | E89: 5 | F89: 11 | G89: 4 | H89: 122 | I89: 0 | J89: 0 | K89: 0 | L89: 0
A90: 1404400000 | B90: Mountain Province | C90: 2838 | D90: 85 | E90: 77 | F90: 162 | G90: 5.7082452 | H90: 820 | I90: 4 | J90: 0 | K90: 4 | L90: 0.48780488
A91: 1404401000 | B91: Barlig | C91: 81 | D91: 2 | E91: 2 | F91: 4 | G91: 4.9382716 | H91: 33 | I91: 0 | J91: 0 | K91: 0 | L91: 0
A92: 1404402000 | B92: Bauko | C92: 605 | D92: 26 | E92: 17 | F92: 43 | G92: 7.107438 | H92: 78 | I92: 0 | J92: 0 | K92: 0 | L92: 0
A93: 1404403000 | B93: Besao | C93: 124 | D93: 6 | E93: 5 | F93: 11 | G93: 8.8709677 | H93: 50 | I93: 0 | J93: 0 | K93: 0 | L93: 0
A94: 1404404000 | B94: Bontoc | C94: 405 | D94: 6 | E94: 10 | F94: 16 | G94: 3.9506173 | H94: 109 | I94: 0 | J94: 0 | K94: 0 | L94: 0
A95: 1404405000 | B95: Natonin | C95: 183 | D95: 7 | E95: 5 | F95: 12 | G95: 6.557377 | H95: 47 | I95: 0 | J95: 0 | K95: 0 | L95: 0
A96: 1404406000 | B96: Paracelis | C96: 712 | D96: 21 | E96: 20 | F96: 41 | G96: 5.758427 | H96: 298 | I96: 4 | J96: 0 | K96: 4 | L96: 1.3422819
A97: 1404407000 | B97: Sabangan | C97: 160 | D97: 5 | E97: 5 | F97: 10 | G97: 6.25 | H97: 66 | I97: 0 | J97: 0 | K97: 0 | L97: 0
A98: 1404408000 | B98: Sadanga | C98: 125 | D98: 5 | E98: 3 | F98: 8 | G98: 6.4 | H98: 2 | I98: 0 | J98: 0 | K98: 0 | L98: 0
A99: 1404409000 | B99: Sagada | C99: 168 | D99: 4 | E99: 3 | F99: 7 | G99: 4.1666667 | H99: 64 | I99: 0 | J99: 0 | K99: 0 | L99: 0
A100: 1404410000 | B100: Tadian | C100: 275 | D100: 3 | E100: 7 | F100: 10 | G100: 3.6363636 | H100: 73 | I100: 0 | J100: 0 | K100: 0 | L100: 0
A101: 1408100000 | B101: Apayao | C101: 2416 | D101: 69 | E101: 64 | F101: 133 | G101: 5.5049669 | H101: 689 | I101: 2 | J101: 3 | K101: 5 | L101: 0.7256894
A102: 1408101000 | B102: Calanasan | C102: 215 | D102: 6 | E102: 3 | F102: 9 | G102: 4.1860465 | H102: 62 | I102: 0 | J102: 0 | K102: 0 | L102: 0
A103: 1408102000 | B103: Conner | C103: 621 | D103: 14 | E103: 19 | F103: 33 | G103: 5.3140097 | H103: 229 | I103: 0 | J103: 0 | K103: 0 | L103: 0
A104: 1408103000 | B104: Flora | C104: 351 | D104: 12 | E104: 10 | F104: 22 | G104: 6.2678063 | H104: 146 | I104: 1 | J104: 0 | K104: 1 | L104: 0.68493151
A105: 1408104000 | B105: Kabugao | C105: 291 | D105: 9 | E105: 11 | F105: 20 | G105: 6.8728522 | H105: 39 | I105: 1 | J105: 3 | K105: 4 | L105: 10.25641
A106: 1408105000 | B106: Luna | C106: 440 | D106: 12 | E106: 9 | F106: 21 | G106: 4.7727273 | H106: 162 | I106: 0 | J106: 0 | K106: 0 | L106: 0
A107: 1408106000 | B107: Pudtol | C107: 266 | D107: 5 | E107: 6 | F107: 11 | G107: 4.1353383 | H107: 18 | I107: 0 | J107: 0 | K107: 0 | L107: 0
A108: 1408107000 | B108: Santa Marcela | C108: 232 | D108: 11 | E108: 6 | F108: 17 | G108: 7.3275862 | H108: 33 | I108: 0 | J108: 0 | K108: 0 | L108: 0
A109: 1430300000 | B109: City of Baguio | C109: 5847 | D109: 175 | E109: 146 | F109: 321 | G109: 5.4899949 | H109: 2156 | I109: 37 | J109: 33 | K109: 70 | L109: 3.2467532
A110: 0100000000 | B110: Region 1 | C110: 104281 | D110: 3255 | E110: 3236 | F110: 6491 | G110: 6.224528 | H110: 25963 | I110: 66 | J110: 49 | K110: 115 | L110: 0.44293803
A111: 0102800000 | B111: Ilocos Norte | C111: 9590 | D111: 365 | E111: 373 | F111: 738 | G111: 7.6955162 | H111: 870 | I111: 0 | J111: 0 | K111: 0 | L111: 0
A112: 0102801000 | B112: Adams | C112: 59 | D112: 0 | E112: 0 | F112: 0 | G112: 0 | H112: 39 | I112: 0 | J112: 0 | K112: 0 | L112: 0
A113: 0102802000 | B113: Bacarra | C113: 472 | D113: 17 | E113: 19 | F113: 36 | G113: 7.6271186 | H113: 105 | I113: 0 | J113: 0 | K113: 0 | L113: 0
A114: 0102803000 | B114: Badoc | C114: 467 | D114: 22 | E114: 21 | F114: 43 | G114: 9.2077088 | H114: 86 | I114: 0 | J114: 0 | K114: 0 | L114: 0
A115: 0102804000 | B115: Bangui | C115: 189 | D115: 10 | E115: 11 | F115: 21 | G115: 11.111111 | H115: -11 | I115: 0 | J115: 0 | K115: 0 | L115: 0
A116: 0102805000 | B116: City of Batac | C116: 874 | D116: 26 | E116: 27 | F116: 53 | G116: 6.0640732 | H116: 98 | I116: 0 | J116: 0 | K116: 0 | L116: 0
...

Sheet Feb
A1: Immunization Services for Infants and Children
A2: Fully Immunized Children & Completely Immunized Children
A3: Philippines, 2025 February
A5: PSGC 10 | B5: Region, Province/City, and Municipality | C5: Projected Population (0-12 months old) (Previous cohort) | D5: FIC | H5: Projected population 0-12 months (previous cohort) minus previous FIC | I5: CIC
D6: Male | E6: Female | F6: Total | G6: % | I6: Male | J6: Female | K6: Total | L6: %
B7: PHILIPPINES | C7: 2392392 | D7: 62001 | E7: 60062 | F7: 122063 | G7: 5.1021321 | H7: 840855 | I7: 7714 | J7: 7088 | K7: 14802 | L7: 1.7603511
A8: 1300000000 | B8: NCR | C8: 285798 | D8: 8914 | E8: 8695 | F8: 17609 | G8: 6.1613447 | H8: 60578 | I8: 683 | J8: 564 | K8: 1247 | L8: 2.0585031
A9: 1380100000 | B9: City of Caloocan | C9: 36488 | D9: 910 | E9: 820 | F9: 1730 | G9: 4.7412848 | H9: 10459 | I9: 39 | J9: 37 | K9: 76 | L9: 0.72664691
A10: 1380200000 | B10: City of Las Piñas | C10: 12284 | D10: 360 | E10: 363 | F10: 723 | G10: 5.885705 | H10: 2457 | I10: 44 | J10: 36 | K10: 80 | L10: 3.2560033
A11: 1380300000 | B11: City of Makati | C11: 4580 | D11: 186 | E11: 186 | F11: 372 | G11: 8.1222707 | H11: 269 | I11: 6 | J11: 7 | K11: 13 | L11: 4.8327138
A12: 1380400000 | B12: City of Malabon | C12: 8070 | D12: 171 | E12: 169 | F12: 340 | G12: 4.2131351 | H12: 1806 | I12: 32 | J12: 29 | K12: 61 | L12: 3.3776301
A13: 1380500000 | B13: City of Mandaluyong | C13: 8672 | D13: 386 | E13: 375 | F13: 761 | G13: 8.775369 | H13: 318 | I13: 13 | J13: 15 | K13: 28 | L13: 8.8050314
A14: 1380600000 | B14: City of Manila | C14: 37288 | D14: 1242 | E14: 1234 | F14: 2476 | G14: 6.640206 | H14: 1758 | I14: 10 | J14: 2 | K14: 12 | L14: 0.68259386
A15: 1380700000 | B15: City of Marikina | C15: 9135 | D15: 133 | E15: 129 | F15: 262 | G15: 2.8680898 | H15: 5810 | I15: 11 | J15: 8 | K15: 19 | L15: 0.32702238
A16: 1380800000 | B16: City of Muntinlupa | C16: 10788 | D16: 103 | E16: 126 | F16: 229 | G16: 2.122729 | H16: 4892 | I16: 31 | J16: 30 | K16: 61 | L16: 1.2469338
A17: 1380900000 | B17: City of Navotas | C17: 5718 | D17: 199 | E17: 195 | F17: 394 | G17: 6.8905212 | H17: 276 | I17: 2 | J17: 0 | K17: 2 | L17: 0.72463768
A18: 1381000000 | B18: City of Parañaque | C18: 14517 | D18: 486 | E18: 463 | F18: 949 | G18: 6.5371633 | H18: 2053 | I18: 25 | J18: 15 | K18: 40 | L18: 1.9483682
A19: 1381100000 | B19: Pasay City | C19: 7684 | D19: 223 | E19: 222 | F19: 445 | G19: 5.7912546 | H19: 1507 | I19: 21 | J19: 15 | K19: 36 | L19: 2.388852
A20: 1381200000 | B20: City of Pasig | C20: 19265 | D20: 885 | E20: 825 | F20: 1710 | G20: 8.8762004 | H20: 2803 | I20: 42 | J20: 37 | K20: 79 | L20: 2.8184088
A21: 1381300000 | B21: Quezon City | C21: 64737 | D21: 2659 | E21: 2569 | F21: 5228 | G21: 8.0757527 | H21: -868 | I21: 153 | J21: 139 | K21: 292 | L21: -33.640553
A22: 1381400000 | B22: City of San Juan | C22: 2363 | D22: 34 | E22: 32 | F22: 66 | G22: 2.7930597 | H22: 1266 | I22: 6 | J22: 1 | K22: 7 | L22: 0.55292259
A23: 1381500000 | B23: City of Taguig | C23: 28175 | D23: 442 | E23: 499 | F23: 941 | G23: 3.3398403 | H23: 17945 | I23: 215 | J23: 170 | K23: 385 | L23: 2.1454444
A24: 1381600000 | B24: City of Valenzuela | C24: 14813 | D24: 464 | E24: 449 | F24: 913 | G24: 6.163505 | H24: 7459 | I24: 30 | J24: 22 | K24: 52 | L24: 0.69714439
A25: 1381701000 | B25: Pateros | C25: 1221 | D25: 31 | E25: 39 | F25: 70 | G25: 5.7330057 | H25: 368 | I25: 3 | J25: 1 | K25: 4 | L25: 1.0869565
A26: 1400000000 | B26: CAR | C26: 34199 | D26: 946 | E26: 964 | F26: 1910 | G26: 5.5849586 | H26: 11531 | I26: 63 | J26: 57 | K26: 120 | L26: 1.040673
A27: 1400100000 | B27: Abra | C27: 3951 | D27: 105 | E27: 112 | F27: 217 | G27: 5.4922804 | H27: 758 | I27: 2 | J27: 1 | K27: 3 | L27: 0.39577836
A28: 1400101000 | B28: Bangued | C28: 808 | D28: 31 | E28: 31 | F28: 62 | G28: 7.6732673 | H28: 62 | I28: 0 | J28: 0 | K28: 0 | L28: 0
A29: 1400102000 | B29: Boliney | C29: 79 | D29: 0 | E29: 0 | F29: 0 | G29: 0 | H29: 41 | I29: 0 | J29: 0 | K29: 0 | L29: 0
A30: 1400103000 | B30: Bucay | C30: 279 | D30: 6 | E30: 12 | F30: 18 | G30: 6.4516129 | H30: 24 | I30: 2 | J30: 1 | K30: 3 | L30: 12.5
A31: 1400104000 | B31: Bucloc | C31: 30 | D31: 1 | E31: 1 | F31: 2 | G31: 6.6666667 | H31: 17 | I31: 0 | J31: 0 | K31: 0 | L31: 0
A32: 1400105000 | B32: Daguioman | C32: 34 | D32: 0 | E32: 0 | F32: 0 | G32: 0 | H32: 9 | I32: 0 | J32: 0 | K32: 0 | L32: 0
A33: 1400106000 | B33: Danglas | C33: 60 | D33: 1 | E33: 3 | F33: 4 | G33: 6.6666667 | H33: 0 | I33: 0 | J33: 0 | K33: 0 | L33: 0
A34: 1400107000 | B34: Dolores | C34: 193 | D34: 2 | E34: 9 | F34: 11 | G34: 5.6994819 | H34: 20 | I34: 0 | J34: 0 | K34: 0 | L34: 0
A35: 1400108000 | B35: La Paz | C35: 268 | D35: 8 | E35: 7 | F35: 15 | G35: 5.5970149 | H35: -2 | I35: 0 | J35: 0 | K35: 0 | L35: 0
A36: 1400109000 | B36: Lacub | C36: 67 | D36: 0 | E36: 2 | F36: 2 | G36: 2.9850746 | H36: 42 | I36: 0 | J36: 0 | K36: 0 | L36: 0
A37: 1400110000 | B37: Lagangilang | C37: 243 | D37: 3 | E37: 10 | F37: 13 | G37: 5.3497942 | H37: 46 | I37: 0 | J37: 0 | K37: 0 | L37: 0
A38: 1400111000 | B38: Lagayan | C38: 64 | D38: 3 | E38: 3 | F38: 6 | G38: 9.375 | H38: 3 | I38: 0 | J38: 0 | K38: 0 | L38: 0
... A54: 1400127000 | B54: Villaviciosa | C54: 91 | D54: 3 | E54: 0 | F54: 3 | G54: 3.2967033 | H54: 27 | I54: 0 | J54: 0 | K54: 0 | L54: 0
A55: 1401100000 | B55: Benguet | C55: 9666 | D55: 219 | E55: 247 | F55: 466 | G55: 4.8210221 | H55: 4686 | I55: 34 | J55: 39 | K55: 73 | L55: 1.5578318
A56: 1401101000 | B56: Atok | C56: 364 | D56: 6 | E56: 9 | F56: 15 | G56: 4.1208791 | H56: 174 | I56: 0 | J56: 0 | K56: 0 | L56: 0
A57: 1401103000 | B57: Bakun | C57: 326 | D57: 9 | E57: 7 | F57: 16 | G57: 4.9079755 | H57: 169 | I57: 1 | J57: 0 | K57: 1 | L57: 0.59171598
A58: 1401104000 | B58: Bokod | C58: 317 | D58: 10 | E58: 9 | F58: 19 | G58: 5.9936909 | H58: 136 | I58: 0 | J58: 0 | K58: 0 | L58: 0
A59: 1401105000 | B59: Buguias | C59: 1045 | D59: 21 | E59: 41 | F59: 62 | G59: 5.9330144 | H59: 477 | I59: 0 | J59: 0 | K59: 0 | L59: 0
A60: 1401106000 | B60: Itogon | C60: 1208 | D60: 13 | E60: 14 | F60: 27 | G60: 2.2350993 | H60: 746 | I60: 1 | J60: 4 | K60: 5 | L60: 0.67024129
A61: 1401107000 | B61: Kabayan | C61: 340 | D61: 2 | E61: 9 | F61: 11 | G61: 3.2352941 | H61: 132 | I61: 0 | J61: 0 | K61: 0 | L61: 0
A62: 1401108000 | B62: Kapangan | C62: 294 | D62: 11 | E62: 9 | F62: 20 | G62: 6.8027211 | H62: 117 | I62: 0 | J62: 0 | K62: 0 | L62: 0
A63: 1401109000 | B63: Kibungan | C63: 411 | D63: 8 | E63: 8 | F63: 16 | G63: 3.892944 | H63: 207 | I63: 0 | J63: 1 | K63: 1 | L63: 0.48309179
A64: 1401110000 | B64: La Trinidad | C64: 2934 | D64: 69 | E64: 81 | F64: 150 | G64: 5.1124744 | H64: 1465 | I64: 20 | J64: 26 | K64: 46 | L64: 3.1399317
A65: 1401111000 | B65: Mankayan | C65: 936 | D65: 29 | E65: 27 | F65: 56 | G65: 5.982906 | H65: 427 | I65: 1 | J65: 1 | K65: 2 | L65: 0.46838407
A66: 1401112000 | B66: Sablan | C66: 182 | D66: 4 | E66: 5 | F66: 9 | G66: 4.9450549 | H66: 63 | I66: 1 | J66: 0 | K66: 1 | L66: 1.5873016
A67: 1401113000 | B67: Tuba | C67: 911 | D67: 18 | E67: 20 | F67: 38 | G67: 4.1712404 | H67: 532 | I67: 10 | J67: 7 | K67: 17 | L67: 3.1954887
A68: 1401114000 | B68: Tublay | C68: 398 | D68: 19 | E68: 8 | F68: 27 | G68: 6.7839196 | H68: 41 | I68: 0 | J68: 0 | K68: 0 | L68: 0
A69: 1402700000 | B69: Ifugao | C69: 4502 | D69: 103 | E69: 99 | F69: 202 | G69: 4.4868947 | H69: 1516 | I69: 7 | J69: 2 | K69: 9 | L69: 0.59366755
A70: 1402701000 | B70: Banaue | C70: 368 | D70: 5 | E70: 6 | F70: 11 | G70: 2.9891304 | H70: 145 | I70: 2 | J70: 0 | K70: 2 | L70: 1.3793103
A71: 1402702000 | B71: Hungduan | C71: 187 | D71: 1 | E71: 2 | F71: 3 | G71: 1.6042781 | H71: 90 | I71: 0 | J71: 0 | K71: 0 | L71: 0
A72: 1402703000 | B72: Kiangan | C72: 336 | D72: 9 | E72: 11 | F72: 20 | G72: 5.952381 | H72: 102 | I72: 1 | J72: 0 | K72: 1 | L72: 0.98039216
A73: 1402704000 | B73: Lagawe | C73: 373 | D73: 12 | E73: 7 | F73: 19 | G73: 5.0938338 | H73: 124 | I73: 1 | J73: 1 | K73: 2 | L73: 1.6129032
A74: 1402705000 | B74: Lamut | C74: 531 | D74: 10 | E74: 14 | F74: 24 | G74: 4.519774 | H74: 152 | I74: 1 | J74: 0 | K74: 1 | L74: 0.65789474
A75: 1402706000 | B75: Mayoyao | C75: 320 | D75: 8 | E75: 6 | F75: 14 | G75: 4.375 | H75: 178 | I75: 0 | J75: 0 | K75: 0 | L75: 0
A76: 1402707000 | B76: Alfonso Lista | C76: 705 | D76: 18 | E76: 13 | F76: 31 | G76: 4.3971631 | H76: 117 | I76: 0 | J76: 0 | K76: 0 | L76: 0
A77: 1402708000 | B77: Aguinaldo | C77: 556 | D77: 16 | E77: 15 | F77: 31 | G77: 5.5755396 | H77: 193 | I77: 1 | J77: 1 | K77: 2 | L77: 1.0362694
A78: 1402709000 | B78: Hingyon | C78: 174 | D78: 4 | E78: 3 | F78: 7 | G78: 4.0229885 | H78: 68 | I78: 1 | J78: 0 | K78: 1 | L78: 1.4705882
A79: 1402710000 | B79: Tinoc | C79: 484 | D79: 10 | E79: 12 | F79: 22 | G79: 4.5454545 | H79: 132 | I79: 0 | J79: 0 | K79: 0 | L79: 0
A80: 1402711000 | B80: Asipulo | C80: 468 | D80: 10 | E80: 10 | F80: 20 | G80: 4.2735043 | H80: 215 | I80: 0 | J80: 0 | K80: 0 | L80: 0
A81: 1403200000 | B81: Kalinga | C81: 4979 | D81: 176 | E81: 168 | F81: 344 | G81: 6.9090179 | H81: 906 | I81: 1 | J81: 1 | K81: 2 | L81: 0.22075055
A82: 1403201000 | B82: Balbalan | C82: 198 | D82: 4 | E82: 14 | F82: 18 | G82: 9.0909091 | H82: 46 | I82: 0 | J82: 0 | K82: 0 | L82: 0
A83: 1403206000 | B83: Lubuagan | C83: 181 | D83: 4 | E83: 1 | F83: 5 | G83: 2.7624309 | H83: 51 | I83: 0 | J83: 0 | K83: 0 | L83: 0
A84: 1403208000 | B84: Pasil | C84: 207 | D84: 7 | E84: 5 | F84: 12 | G84: 5.7971014 | H84: 86 | I84: 0 | J84: 0 | K84: 0 | L84: 0
A85: 1403209000 | B85: Pinukpuk | C85: 739 | D85: 28 | E85: 20 | F85: 48 | G85: 6.4952639 | H85: 351 | I85: 0 | J85: 0 | K85: 0 | L85: 0
A86: 1403211000 | B86: Rizal | C86: 419 | D86: 11 | E86: 9 | F86: 20 | G86: 4.7732697 | H86: 121 | I86: 0 | J86: 0 | K86: 0 | L86: 0
A87: 1403213000 | B87: City of Tabuk | C87: 2809 | D87: 109 | E87: 112 | F87: 221 | G87: 7.8675685 | H87: 106 | I87: 0 | J87: 0 | K87: 0 | L87: 0
A88: 1403214000 | B88: Tanudan | C88: 151 | D88: 3 | E88: 2 | F88: 5 | G88: 3.3112583 | H88: 23 | I88: 0 | J88: 0 | K88: 0 | L88: 0
A89: 1403215000 | B89: Tinglayan | C89: 275 | D89: 10 | E89: 5 | F89: 15 | G89: 5.4545455 | H89: 122 | I89: 1 | J89: 1 | K89: 2 | L89: 1.6393443
A90: 1404400000 | B90: Mountain Province | C90: 2838 | D90: 100 | E90: 87 | F90: 187 | G90: 6.5891473 | H90: 820 | I90: 0 | J90: 0 | K90: 0 | L90: 0
A91: 1404401000 | B91: Barlig | C91: 81 | D91: 2 | E91: 1 | F91: 3 | G91: 3.7037037 | H91: 33 | I91: 0 | J91: 0 | K91: 0 | L91: 0
A92: 1404402000 | B92: Bauko | C92: 605 | D92: 26 | E92: 16 | F92: 42 | G92: 6.9421488 | H92: 78 | I92: 0 | J92: 0 | K92: 0 | L92: 0
A93: 1404403000 | B93: Besao | C93: 124 | D93: 3 | E93: 1 | F93: 4 | G93: 3.2258065 | H93: 50 | I93: 0 | J93: 0 | K93: 0 | L93: 0
A94: 1404404000 | B94: Bontoc | C94: 405 | D94: 9 | E94: 15 | F94: 24 | G94: 5.9259259 | H94: 109 | I94: 0 | J94: 0 | K94: 0 | L94: 0
A95: 1404405000 | B95: Natonin | C95: 183 | D95: 15 | E95: 6 | F95: 21 | G95: 11.47541 | H95: 47 | I95: 0 | J95: 0 | K95: 0 | L95: 0
A96: 1404406000 | B96: Paracelis | C96: 712 | D96: 26 | E96: 28 | F96: 54 | G96: 7.5842697 | H96: 298 | I96: 0 | J96: 0 | K96: 0 | L96: 0
A97: 1404407000 | B97: Sabangan | C97: 160 | D97: 2 | E97: 4 | F97: 6 | G97: 3.75 | H97: 66 | I97: 0 | J97: 0 | K97: 0 | L97: 0
A98: 1404408000 | B98: Sadanga | C98: 125 | D98: 2 | E98: 3 | F98: 5 | G98: 4 | H98: 2 | I98: 0 | J98: 0 | K98: 0 | L98: 0
A99: 1404409000 | B99: Sagada | C99: 168 | D99: 9 | E99: 3 | F99: 12 | G99: 7.1428571 | H99: 64 | I99: 0 | J99: 0 | K99: 0 | L99: 0
A100: 1404410000 | B100: Tadian | C100: 275 | D100: 6 | E100: 10 | F100: 16 | G100: 5.8181818 | H100: 73 | I100: 0 | J100: 0 | K100: 0 | L100: 0
A101: 1408100000 | B101: Apayao | C101: 2416 | D101: 51 | E101: 65 | F101: 116 | G101: 4.8013245 | H101: 689 | I101: 1 | J101: 0 | K101: 1 | L101: 0.14513788
A102: 1408101000 | B102: Calanasan | C102: 215 | D102: 2 | E102: 5 | F102: 7 | G102: 3.255814 | H102: 62 | I102: 0 | J102: 0 | K102: 0 | L102: 0
A103: 1408102000 | B103: Conner | C103: 621 | D103: 15 | E103: 19 | F103: 34 | G103: 5.4750403 | H103: 229 | I103: 0 | J103: 0 | K103: 0 | L103: 0
A104: 1408103000 | B104: Flora | C104: 351 | D104: 7 | E104: 8 | F104: 15 | G104: 4.2735043 | H104: 146 | I104: 0 | J104: 0 | K104: 0 | L104: 0
A105: 1408104000 | B105: Kabugao | C105: 291 | D105: 6 | E105: 9 | F105: 15 | G105: 5.1546392 | H105: 39 | I105: 1 | J105: 0 | K105: 1 | L105: 2.5641026
A106: 1408105000 | B106: Luna | C106: 440 | D106: 8 | E106: 11 | F106: 19 | G106: 4.3181818 | H106: 162 | I106: 0 | J106: 0 | K106: 0 | L106: 0
A107: 1408106000 | B107: Pudtol | C107: 266 | D107: 9 | E107: 9 | F107: 18 | G107: 6.7669173 | H107: 18 | I107: 0 | J107: 0 | K107: 0 | L107: 0
A108: 1408107000 | B108: Santa Marcela | C108: 232 | D108: 4 | E108: 4 | F108: 8 | G108: 3.4482759 | H108: 33 | I108: 0 | J108: 0 | K108: 0 | L108: 0
A109: 1430300000 | B109: City of Baguio | C109: 5847 | D109: 192 | E109: 186 | F109: 378 | G109: 6.4648538 | H109: 2156 | I109: 18 | J109: 14 | K109: 32 | L109: 1.4842301
A110: 0100000000 | B110: Region 1 | C110: 104281 | D110: 3025 | E110: 2801 | F110: 5826 | G110: 5.5868279 | H110: 25963 | I110: 60 | J110: 63 | K110: 123 | L110: 0.47375111
A111: 0102800000 | B111: Ilocos Norte | C111: 9590 | D111: 323 | E111: 326 | F111: 649 | G111: 6.7674661 | H111: 870 | I111: 0 | J111: 0 | K111: 0 | L111: 0
A112: 0102801000 | B112: Adams | C112: 59 | D112: 0 | E112: 0 | F112: 0 | G112: 0 | H112: 39 | I112: 0 | J112: 0 | K112: 0 | L112: 0
A113: 0102802000 | B113: Bacarra | C113: 472 | D113: 12 | E113: 17 | F113: 29 | G113: 6.1440678 | H113: 105 | I113: 0 | J113: 0 | K113: 0 | L113: 0
A114: 0102803000 | B114: Badoc | C114: 467 | D114: 16 | E114: 13 | F114: 29 | G114: 6.2098501 | H114: 86 | I114: 0 | J114: 0 | K114: 0 | L114: 0
A115: 0102804000 | B115: Bangui | C115: 189 | D115: 2 | E115: 11 | F115: 13 | G115: 6.8783069 | H115: -11 | I115: 0 | J115: 0 | K115: 0 | L115: 0
A116: 0102805000 | B116: City of Batac | C116: 874 | D116: 23 | E116: 22 | F116: 45 | G116: 5.1487414 | H116: 98 | I116: 0 | J116: 0 | K116: 0 | L116: 0
...

Sheet Mar
A1: Immunization Services for Infants and Children
A2: Fully Immunized Children & Completely Immunized Children
A3: Philippines, 2025 March
A5: PSGC 10 | B5: Region, Province/City, and Municipality | C5: Projected Population (0-12 months old) (Previous cohort) | D5: FIC | H5: Projected population 0-12 months (previous cohort) minus previous FIC | I5: CIC
D6: Male | E6: Female | F6: Total | G6: % | I6: Male | J6: Female | K6: Total | L6: %
B7: PHILIPPINES | C7: 2392392 | D7: 61478 | E7: 59633 | F7: 121111 | G7: 5.0623393 | H7: 840855 | I7: 10407 | J7: 9556 | K7: 19963 | L7: 2.3741311
A8: 1300000000 | B8: NCR | C8: 285798 | D8: 9522 | E8: 9252 | F8: 18774 | G8: 6.5689753 | H8: 60578 | I8: 2344 | J8: 2312 | K8: 4656 | L8: 7.6859586
A9: 1380100000 | B9: City of Caloocan | C9: 36488 | D9: 1200 | E9: 1116 | F9: 2316 | G9: 6.3472923 | H9: 10459 | I9: 65 | J9: 35 | K9: 100 | L9: 0.95611435
A10: 1380200000 | B10: City of Las Piñas | C10: 12284 | D10: 428 | E10: 468 | F10: 896 | G10: 7.294041 | H10: 2457 | I10: 123 | J10: 132 | K10: 255 | L10: 10.37851
A11: 1380300000 | B11: City of Makati | C11: 4580 | D11: 189 | E11: 187 | F11: 376 | G11: 8.209607 | H11: 269 | I11: 5 | J11: 7 | K11: 12 | L11: 4.4609665
A12: 1380400000 | B12: City of Malabon | C12: 8070 | D12: 192 | E12: 155 | F12: 347 | G12: 4.2998761 | H12: 1806 | I12: 37 | J12: 46 | K12: 83 | L12: 4.5957918
A13: 1380500000 | B13: City of Mandaluyong | C13: 8672 | D13: 391 | E13: 410 | F13: 801 | G13: 9.2366236 | H13: 318 | I13: 256 | J13: 271 | K13: 527 | L13: 165.72327
A14: 1380600000 | B14: City of Manila | C14: 37288 | D14: 1681 | E14: 1707 | F14: 3388 | G14: 9.086033 | H14: 1758 | I14: 494 | J14: 466 | K14: 960 | L14: 54.607509
A15: 1380700000 | B15: City of Marikina | C15: 9135 | D15: 134 | E15: 128 | F15: 262 | G15: 2.8680898 | H15: 5810 | I15: 59 | J15: 44 | K15: 103 | L15: 1.7728055
A16: 1380800000 | B16: City of Muntinlupa | C16: 10788 | D16: 197 | E16: 180 | F16: 377 | G16: 3.4946237 | H16: 4892 | I16: 84 | J16: 93 | K16: 177 | L16: 3.6181521
A17: 1380900000 | B17: City of Navotas | C17: 5718 | D17: 259 | E17: 282 | F17: 541 | G17: 9.4613501 | H17: 276 | I17: 12 | J17: 16 | K17: 28 | L17: 10.144928
A18: 1381000000 | B18: City of Parañaque | C18: 14517 | D18: 392 | E18: 387 | F18: 779 | G18: 5.3661225 | H18: 2053 | I18: 50 | J18: 51 | K18: 101 | L18: 4.9196298
A19: 1381100000 | B19: Pasay City | C19: 7684 | D19: 258 | E19: 230 | F19: 488 | G19: 6.3508589 | H19: 1507 | I19: 74 | J19: 61 | K19: 135 | L19: 8.9581951
A20: 1381200000 | B20: City of Pasig | C20: 19265 | D20: 663 | E20: 664 | F20: 1327 | G20: 6.8881391 | H20: 2803 | I20: 177 | J20: 175 | K20: 352 | L20: 12.557974
A21: 1381300000 | B21: Quezon City | C21: 64737 | D21: 2587 | E21: 2459 | F21: 5046 | G21: 7.7946151 | H21: -868 | I21: 372 | J21: 394 | K21: 766 | L21: -88.248848
A22: 1381400000 | B22: City of San Juan | C22: 2363 | D22: 27 | E22: 33 | F22: 60 | G22: 2.5391452 | H22: 1266 | I22: 17 | J22: 9 | K22: 26 | L22: 2.0537125
A23: 1381500000 | B23: City of Taguig | C23: 28175 | D23: 467 | E23: 456 | F23: 923 | G23: 3.2759539 | H23: 17945 | I23: 489 | J23: 479 | K23: 968 | L23: 5.3942602
A24: 1381600000 | B24: City of Valenzuela | C24: 14813 | D24: 428 | E24: 359 | F24: 787 | G24: 5.3129008 | H24: 7459 | I24: 29 | J24: 21 | K24: 50 | L24: 0.67033114
A25: 1381701000 | B25: Pateros | C25: 1221 | D25: 29 | E25: 31 | F25: 60 | G25: 4.9140049 | H25: 368 | I25: 1 | J25: 12 | K25: 13 | L25: 3.5326087
A26: 1400000000 | B26: CAR | C26: 34199 | D26: 778 | E26: 766 | F26: 1544 | G26: 4.5147519 | H26: 11531 | I26: 66 | J26: 61 | K26: 127 | L26: 1.1013789
A27: 1400100000 | B27: Abra | C27: 3951 | D27: 103 | E27: 105 | F27: 208 | G27: 5.26449 | H27: 758 | I27: 1 | J27: 2 | K27: 3 | L27: 0.39577836
A28: 1400101000 | B28: Bangued | C28: 808 | D28: 32 | E28: 26 | F28: 58 | G28: 7.1782178 | H28: 62 | I28: 0 | J28: 0 | K28: 0 | L28: 0
A29: 1400102000 | B29: Boliney | C29: 79 | D29: 2 | E29: 0 | F29: 2 | G29: 2.5316456 | H29: 41 | I29: 0 | J29: 0 | K29: 0 | L29: 0
A30: 1400103000 | B30: Bucay | C30: 279 | D30: 6 | E30: 8 | F30: 14 | G30: 5.0179211 | H30: 24 | I30: 1 | J30: 1 | K30: 2 | L30: 8.3333333
A31: 1400104000 | B31: Bucloc | C31: 30 | D31: 2 | E31: 2 | F31: 4 | G31: 13.333333 | H31: 17 | I31: 0 | J31: 0 | K31: 0 | L31: 0
A32: 1400105000 | B32: Daguioman | C32: 34 | D32: 0 | E32: 0 | F32: 0 | G32: 0 | H32: 9 | I32: 0 | J32: 0 | K32: 0 | L32: 0
A33: 1400106000 | B33: Danglas | C33: 60 | D33: 5 | E33: 2 | F33: 7 | G33: 11.666667 | H33: 0 | I33: 0 | J33: 0 | K33: 0 | L33: 0
A34: 1400107000 | B34: Dolores | C34: 193 | D34: 1 | E34: 4 | F34: 5 | G34: 2.5906736 | H34: 20 | I34: 0 | J34: 0 | K34: 0 | L34: 0
A35: 1400108000 | B35: La Paz | C35: 268 | D35: 5 | E35: 3 | F35: 8 | G35: 2.9850746 | H35: -2 | I35: 0 | J35: 0 | K35: 0 | L35: 0
A36: 1400109000 | B36: Lacub | C36: 67 | D36: 0 | E36: 2 | F36: 2 | G36: 2.9850746 | H36: 42 | I36: 0 | J36: 0 | K36: 0 | L36: 0
A37: 1400110000 | B37: Lagangilang | C37: 243 | D37: 4 | E37: 6 | F37: 10 | G37: 4.1152263 | H37: 46 | I37: 0 | J37: 0 | K37: 0 | L37: 0
A38: 1400111000 | B38: Lagayan | C38: 64 | D38: 1 | E38: 2 | F38: 3 | G38: 4.6875 | H38: 3 | I38: 0 | J38: 0 | K38: 0 | L38: 0
... A54: 1400127000 | B54: Villaviciosa | C54: 91 | D54: 6 | E54: 2 | F54: 8 | G54: 8.7912088 | H54: 27 | I54: 0 | J54: 0 | K54: 0 | L54: 0
A55: 1401100000 | B55: Benguet | C55: 9666 | D55: 200 | E55: 199 | F55: 399 | G55: 4.1278709 | H55: 4686 | I55: 21 | J55: 33 | K55: 54 | L55: 1.1523688
A56: 1401101000 | B56: Atok | C56: 364 | D56: 4 | E56: 7 | F56: 11 | G56: 3.021978 | H56: 174 | I56: 1 | J56: 0 | K56: 1 | L56: 0.57471264
A57: 1401103000 | B57: Bakun | C57: 326 | D57: 2 | E57: 4 | F57: 6 | G57: 1.8404908 | H57: 169 | I57: 0 | J57: 0 | K57: 0 | L57: 0
A58: 1401104000 | B58: Bokod | C58: 317 | D58: 12 | E58: 10 | F58: 22 | G58: 6.9400631 | H58: 136 | I58: 0 | J58: 0 | K58: 0 | L58: 0
A59: 1401105000 | B59: Buguias | C59: 1045 | D59: 22 | E59: 16 | F59: 38 | G59: 3.6363636 | H59: 477 | I59: 1 | J59: 3 | K59: 4 | L59: 0.83857442
A60: 1401106000 | B60: Itogon | C60: 1208 | D60: 20 | E60: 17 | F60: 37 | G60: 3.0629139 | H60: 746 | I60: 4 | J60: 6 | K60: 10 | L60: 1.3404826
A61: 1401107000 | B61: Kabayan | C61: 340 | D61: 10 | E61: 13 | F61: 23 | G61: 6.7647059 | H61: 132 | I61: 3 | J61: 2 | K61: 5 | L61: 3.7878788
A62: 1401108000 | B62: Kapangan | C62: 294 | D62: 4 | E62: 9 | F62: 13 | G62: 4.4217687 | H62: 117 | I62: 0 | J62: 0 | K62: 0 | L62: 0
A63: 1401109000 | B63: Kibungan | C63: 411 | D63: 1 | E63: 5 | F63: 6 | G63: 1.459854 | H63: 207 | I63: 0 | J63: 3 | K63: 3 | L63: 1.4492754
A64: 1401110000 | B64: La Trinidad | C64: 2934 | D64: 57 | E64: 59 | F64: 116 | G64: 3.9536469 | H64: 1465 | I64: 8 | J64: 10 | K64: 18 | L64: 1.2286689
A65: 1401111000 | B65: Mankayan | C65: 936 | D65: 27 | E65: 24 | F65: 51 | G65: 5.4487179 | H65: 427 | I65: 0 | J65: 2 | K65: 2 | L65: 0.46838407
A66: 1401112000 | B66: Sablan | C66: 182 | D66: 7 | E66: 5 | F66: 12 | G66: 6.5934066 | H66: 63 | I66: 0 | J66: 0 | K66: 0 | L66: 0
A67: 1401113000 | B67: Tuba | C67: 911 | D67: 27 | E67: 17 | F67: 44 | G67: 4.8298573 | H67: 532 | I67: 4 | J67: 7 | K67: 11 | L67: 2.0676692
A68: 1401114000 | B68: Tublay | C68: 398 | D68: 7 | E68: 13 | F68: 20 | G68: 5.0251256 | H68: 41 | I68: 0 | J68: 0 | K68: 0 | L68: 0
A69: 1402700000 | B69: Ifugao | C69: 4502 | D69: 102 | E69: 83 | F69: 185 | G69: 4.1092848 | H69: 1516 | I69: 8 | J69: 5 | K69: 13 | L69: 0.85751979
A70: 1402701000 | B70: Banaue | C70: 368 | D70: 5 | E70: 4 | F70: 9 | G70: 2.4456522 | H70: 145 | I70: 4 | J70: 2 | K70: 6 | L70: 4.137931
A71: 1402702000 | B71: Hungduan | C71: 187 | D71: 4 | E71: 4 | F71: 8 | G71: 4.2780749 | H71: 90 | I71: 0 | J71: 0 | K71: 0 | L71: 0
A72: 1402703000 | B72: Kiangan | C72: 336 | D72: 7 | E72: 8 | F72: 15 | G72: 4.4642857 | H72: 102 | I72: 0 | J72: 0 | K72: 0 | L72: 0
A73: 1402704000 | B73: Lagawe | C73: 373 | D73: 7 | E73: 5 | F73: 12 | G73: 3.2171582 | H73: 124 | I73: 2 | J73: 2 | K73: 4 | L73: 3.2258065
A74: 1402705000 | B74: Lamut | C74: 531 | D74: 18 | E74: 7 | F74: 25 | G74: 4.7080979 | H74: 152 | I74: 0 | J74: 0 | K74: 0 | L74: 0
A75: 1402706000 | B75: Mayoyao | C75: 320 | D75: 6 | E75: 4 | F75: 10 | G75: 3.125 | H75: 178 | I75: 0 | J75: 0 | K75: 0 | L75: 0
A76: 1402707000 | B76: Alfonso Lista | C76: 705 | D76: 22 | E76: 17 | F76: 39 | G76: 5.5319149 | H76: 117 | I76: 1 | J76: 0 | K76: 1 | L76: 0.85470085
A77: 1402708000 | B77: Aguinaldo | C77: 556 | D77: 7 | E77: 10 | F77: 17 | G77: 3.057554 | H77: 193 | I77: 1 | J77: 0 | K77: 1 | L77: 0.51813472
A78: 1402709000 | B78: Hingyon | C78: 174 | D78: 3 | E78: 6 | F78: 9 | G78: 5.1724138 | H78: 68 | I78: 0 | J78: 0 | K78: 0 | L78: 0
A79: 1402710000 | B79: Tinoc | C79: 484 | D79: 12 | E79: 6 | F79: 18 | G79: 3.7190083 | H79: 132 | I79: 0 | J79: 1 | K79: 1 | L79: 0.75757576
A80: 1402711000 | B80: Asipulo | C80: 468 | D80: 11 | E80: 12 | F80: 23 | G80: 4.9145299 | H80: 215 | I80: 0 | J80: 0 | K80: 0 | L80: 0
A81: 1403200000 | B81: Kalinga | C81: 4979 | D81: 132 | E81: 97 | F81: 229 | G81: 4.5993171 | H81: 906 | I81: 0 | J81: 0 | K81: 0 | L81: 0
A82: 1403201000 | B82: Balbalan | C82: 198 | D82: 6 | E82: 7 | F82: 13 | G82: 6.5656566 | H82: 46 | I82: 0 | J82: 0 | K82: 0 | L82: 0
A83: 1403206000 | B83: Lubuagan | C83: 181 | D83: 7 | E83: 7 | F83: 14 | G83: 7.7348066 | H83: 51 | I83: 0 | J83: 0 | K83: 0 | L83: 0
A84: 1403208000 | B84: Pasil | C84: 207 | D84: 3 | E84: 5 | F84: 8 | G84: 3.8647343 | H84: 86 | I84: 0 | J84: 0 | K84: 0 | L84: 0
A85: 1403209000 | B85: Pinukpuk | C85: 739 | D85: 1 | E85: 1 | F85: 2 | G85: 0.27063599 | H85: 351 | I85: 0 | J85: 0 | K85: 0 | L85: 0
A86: 1403211000 | B86: Rizal | C86: 419 | D86: 12 | E86: 3 | F86: 15 | G86: 3.5799523 | H86: 121 | I86: 0 | J86: 0 | K86: 0 | L86: 0
A87: 1403213000 | B87: City of Tabuk | C87: 2809 | D87: 86 | E87: 67 | F87: 153 | G87: 5.4467782 | H87: 106 | I87: 0 | J87: 0 | K87: 0 | L87: 0
A88: 1403214000 | B88: Tanudan | C88: 151 | D88: 11 | E88: 4 | F88: 15 | G88: 9.9337748 | H88: 23 | I88: 0 | J88: 0 | K88: 0 | L88: 0
A89: 1403215000 | B89: Tinglayan | C89: 275 | D89: 6 | E89: 3 | F89: 9 | G89: 3.2727273 | H89: 122 | I89: 0 | J89: 0 | K89: 0 | L89: 0
A90: 1404400000 | B90: Mountain Province | C90: 2838 | D90: 83 | E90: 88 | F90: 171 | G90: 6.02537 | H90: 820 | I90: 1 | J90: 0 | K90: 1 | L90: 0.12195122
A91: 1404401000 | B91: Barlig | C91: 81 | D91: 0 | E91: 0 | F91: 0 | G91: 0 | H91: 33 | I91: 0 | J91: 0 | K91: 0 | L91: 0
A92: 1404402000 | B92: Bauko | C92: 605 | D92: 24 | E92: 21 | F92: 45 | G92: 7.4380165 | H92: 78 | I92: 0 | J92: 0 | K92: 0 | L92: 0
A93: 1404403000 | B93: Besao | C93: 124 | D93: 4 | E93: 3 | F93: 7 | G93: 5.6451613 | H93: 50 | I93: 0 | J93: 0 | K93: 0 | L93: 0
A94: 1404404000 | B94: Bontoc | C94: 405 | D94: 9 | E94: 18 | F94: 27 | G94: 6.6666667 | H94: 109 | I94: 1 | J94: 0 | K94: 1 | L94: 0.91743119
A95: 1404405000 | B95: Natonin | C95: 183 | D95: 7 | E95: 3 | F95: 10 | G95: 5.4644809 | H95: 47 | I95: 0 | J95: 0 | K95: 0 | L95: 0
A96: 1404406000 | B96: Paracelis | C96: 712 | D96: 19 | E96: 16 | F96: 35 | G96: 4.9157303 | H96: 298 | I96: 0 | J96: 0 | K96: 0 | L96: 0
A97: 1404407000 | B97: Sabangan | C97: 160 | D97: 6 | E97: 6 | F97: 12 | G97: 7.5 | H97: 66 | I97: 0 | J97: 0 | K97: 0 | L97: 0
A98: 1404408000 | B98: Sadanga | C98: 125 | D98: 3 | E98: 6 | F98: 9 | G98: 7.2 | H98: 2 | I98: 0 | J98: 0 | K98: 0 | L98: 0
A99: 1404409000 | B99: Sagada | C99: 168 | D99: 4 | E99: 5 | F99: 9 | G99: 5.3571429 | H99: 64 | I99: 0 | J99: 0 | K99: 0 | L99: 0
A100: 1404410000 | B100: Tadian | C100: 275 | D100: 7 | E100: 10 | F100: 17 | G100: 6.1818182 | H100: 73 | I100: 0 | J100: 0 | K100: 0 | L100: 0
A101: 1408100000 | B101: Apayao | C101: 2416 | D101: 58 | E101: 63 | F101: 121 | G101: 5.0082781 | H101: 689 | I101: 6 | J101: 0 | K101: 6 | L101: 0.87082729
A102: 1408101000 | B102: Calanasan | C102: 215 | D102: 5 | E102: 7 | F102: 12 | G102: 5.5813953 | H102: 62 | I102: 0 | J102: 0 | K102: 0 | L102: 0
A103: 1408102000 | B103: Conner | C103: 621 | D103: 11 | E103: 13 | F103: 24 | G103: 3.8647343 | H103: 229 | I103: 5 | J103: 0 | K103: 5 | L103: 2.1834061
A104: 1408103000 | B104: Flora | C104: 351 | D104: 4 | E104: 8 | F104: 12 | G104: 3.4188034 | H104: 146 | I104: 0 | J104: 0 | K104: 0 | L104: 0
A105: 1408104000 | B105: Kabugao | C105: 291 | D105: 14 | E105: 6 | F105: 20 | G105: 6.8728522 | H105: 39 | I105: 1 | J105: 0 | K105: 1 | L105: 2.5641026
A106: 1408105000 | B106: Luna | C106: 440 | D106: 11 | E106: 13 | F106: 24 | G106: 5.4545455 | H106: 162 | I106: 0 | J106: 0 | K106: 0 | L106: 0
A107: 1408106000 | B107: Pudtol | C107: 266 | D107: 7 | E107: 8 | F107: 15 | G107: 5.6390977 | H107: 18 | I107: 0 | J107: 0 | K107: 0 | L107: 0
A108: 1408107000 | B108: Santa Marcela | C108: 232 | D108: 6 | E108: 8 | F108: 14 | G108: 6.0344828 | H108: 33 | I108: 0 | J108: 0 | K108: 0 | L108: 0
A109: 1430300000 | B109: City of Baguio | C109: 5847 | D109: 100 | E109: 131 | F109: 231 | G109: 3.950744 | H109: 2156 | I109: 29 | J109: 21 | K109: 50 | L109: 2.3191095
A110: 0100000000 | B110: Region 1 | C110: 104281 | D110: 2808 | E110: 2745 | F110: 5553 | G110: 5.3250352 | H110: 25963 | I110: 57 | J110: 50 | K110: 107 | L110: 0.41212495
A111: 0102800000 | B111: Ilocos Norte | C111: 9590 | D111: 367 | E111: 326 | F111: 693 | G111: 7.2262774 | H111: 870 | I111: 0 | J111: 0 | K111: 0 | L111: 0
A112: 0102801000 | B112: Adams | C112: 59 | D112: 0 | E112: 2 | F112: 2 | G112: 3.3898305 | H112: 39 | I112: 0 | J112: 0 | K112: 0 | L112: 0
A113: 0102802000 | B113: Bacarra | C113: 472 | D113: 19 | E113: 16 | F113: 35 | G113: 7.4152542 | H113: 105 | I113: 0 | J113: 0 | K113: 0 | L113: 0
A114: 0102803000 | B114: Badoc | C114: 467 | D114: 26 | E114: 24 | F114: 50 | G114: 10.706638 | H114: 86 | I114: 0 | J114: 0 | K114: 0 | L114: 0
A115: 0102804000 | B115: Bangui | C115: 189 | D115: 1 | E115: 5 | F115: 6 | G115: 3.1746032 | H115: -11 | I115: 0 | J115: 0 | K115: 0 | L115: 0
A116: 0102805000 | B116: City of Batac | C116: 874 | D116: 34 | E116: 36 | F116: 70 | G116: 8.0091533 | H116: 98 | I116: 0 | J116: 0 | K116: 0 | L116: 0
...

Sheet Qtr2
A1: Immunization Services for Infants and Children
A2: Fully Immunized Children & Completely Immunized Children
A3: Philippines, 2025 2nd Quarter
A5: PSGC 10 | B5: Region, Province/City, and Municipality | C5: Projected Population (0-12 months old) (Previous cohort) | D5: FIC | H5: Projected population 0-12 months (previous cohort) minus previous FIC | I5: CIC
D6: Male | E6: Female | F6: Total | G6: % | I6: Male | J6: Female | K6: Total | L6: %
B7: PHILIPPINES | C7: 2392392 | D7: =SUM(D8,D26,D110,D240,D339,D477,D625,D704,D825,D932,D1036,D1186,D1262,D1361,D1416,D1470,D1549,D1684) -> 187248 | E7: =SUM(E8,E26,E110,E240,E339,E477,E625,E704,E825,E932,E1036,E1186,E1262,E1361,E1416,E1470,E1549,E1684) -> 180701 | F7: =SUM(D7:E7) -> 367949 | G7: =IFERROR(F7/$C7*100,0) -> 15.379963 | H7: 840855 | I7: =SUM(I8,I26,I110,I240,I339,I477,I625,I704,I825,I932,I1036,I1186,I1262,I1361,I1416,I1470,I1549,I1684) -> 18137 | J7: =SUM(J8,J26,J110,J240,J339,J477,J625,J704,J825,J932,J1036,J1186,J1262,J1361,J1416,J1470,J1549,J1684) -> 16987 | K7: =SUM(I7:J7) -> 35124 | L7: =IFERROR(K7/$H7*100,0) -> 4.1771768
A8: 1300000000 | B8: NCR | C8: 285798 | D8: =SUM(D9:D25) -> 28567 | E8: =SUM(E9:E25) -> 28233 | F8: =SUM(D8:E8) -> 56800 | G8: =IFERROR(F8/$C8*100,0) -> 19.874177 | H8: 60578 | I8: =SUM(I9:I25) -> 2190 | J8: =SUM(J9:J25) -> 2215 | K8: =SUM(I8:J8) -> 4405 | L8: =IFERROR(K8/$H8*100,0) -> 7.2716168
A9: 1380100000 | B9: City of Caloocan | C9: 36488 | D9: =SUM(Apr!D9,May!D9,Jun!D9) -> 3275 | E9: =SUM(Apr!E9,May!E9,Jun!E9) -> 3164 | F9: =SUM(D9:E9) -> 6439 | G9: =IFERROR(F9/$C9*100,0) -> 17.646898 | H9: 10459 | I9: =SUM(Apr!I9,May!I9,Jun!I9) -> 89 | J9: =SUM(Apr!J9,May!J9,Jun!J9) -> 81 | K9: =SUM(I9:J9) -> 170 | L9: =IFERROR(K9/$H9*100,0) -> 1.6253944
A10: 1380200000 | B10: City of Las Piñas | C10: 12284 | D10: =SUM(Apr!D10,May!D10,Jun!D10) -> 1014 | E10: =SUM(Apr!E10,May!E10,Jun!E10) -> 1075 | F10: =SUM(D10:E10) -> 2089 | G10: =IFERROR(F10/$C10*100,0) -> 17.005861 | H10: 2457 | I10: =SUM(Apr!I10,May!I10,Jun!I10) -> 65 | J10: =SUM(Apr!J10,May!J10,Jun!J10) -> 77 | K10: =SUM(I10:J10) -> 142 | L10: =IFERROR(K10/$H10*100,0) -> 5.7794058
A11: 1380300000 | B11: City of Makati | C11: 4580 | D11: =SUM(Apr!D11,May!D11,Jun!D11) -> 573 | E11: =SUM(Apr!E11,May!E11,Jun!E11) -> 516 | F11: =SUM(D11:E11) -> 1089 | G11: =IFERROR(F11/$C11*100,0) -> 23.777293 | H11: 269 | I11: =SUM(Apr!I11,May!I11,Jun!I11) -> 16 | J11: =SUM(Apr!J11,May!J11,Jun!J11) -> 13 | K11: =SUM(I11:J11) -> 29 | L11: =IFERROR(K11/$H11*100,0) -> 10.780669
A12: 1380400000 | B12: City of Malabon | C12: 8070 | D12: =SUM(Apr!D12,May!D12,Jun!D12) -> 538 | E12: =SUM(Apr!E12,May!E12,Jun!E12) -> 457 | F12: =SUM(D12:E12) -> 995 | G12: =IFERROR(F12/$C12*100,0) -> 12.329616 | H12: 1806 | I12: =SUM(Apr!I12,May!I12,Jun!I12) -> 66 | J12: =SUM(Apr!J12,May!J12,Jun!J12) -> 70 | K12: =SUM(I12:J12) -> 136 | L12: =IFERROR(K12/$H12*100,0) -> 7.530454
A13: 1380500000 | B13: City of Mandaluyong | C13: 8672 | D13: =SUM(Apr!D13,May!D13,Jun!D13) -> 1093 | E13: =SUM(Apr!E13,May!E13,Jun!E13) -> 1087 | F13: =SUM(D13:E13) -> 2180 | G13: =IFERROR(F13/$C13*100,0) -> 25.138376 | H13: 318 | I13: =SUM(Apr!I13,May!I13,Jun!I13) -> 33 | J13: =SUM(Apr!J13,May!J13,Jun!J13) -> 42 | K13: =SUM(I13:J13) -> 75 | L13: =IFERROR(K13/$H13*100,0) -> 23.584906
A14: 1380600000 | B14: City of Manila | C14: 37288 | D14: =SUM(Apr!D14,May!D14,Jun!D14) -> 3897 | E14: =SUM(Apr!E14,May!E14,Jun!E14) -> 3722 | F14: =SUM(D14:E14) -> 7619 | G14: =IFERROR(F14/$C14*100,0) -> 20.432847 | H14: 1758 | I14: =SUM(Apr!I14,May!I14,Jun!I14) -> 350 | J14: =SUM(Apr!J14,May!J14,Jun!J14) -> 351 | K14: =SUM(I14:J14) -> 701 | L14: =IFERROR(K14/$H14*100,0) -> 39.874858
A15: 1380700000 | B15: City of Marikina | C15: 9135 | D15: =SUM(Apr!D15,May!D15,Jun!D15) -> 338 | E15: =SUM(Apr!E15,May!E15,Jun!E15) -> 355 | F15: =SUM(D15:E15) -> 693 | G15: =IFERROR(F15/$C15*100,0) -> 7.5862069 | H15: 5810 | I15: =SUM(Apr!I15,May!I15,Jun!I15) -> 52 | J15: =SUM(Apr!J15,May!J15,Jun!J15) -> 54 | K15: =SUM(I15:J15) -> 106 | L15: =IFERROR(K15/$H15*100,0) -> 1.8244406
A16: 1380800000 | B16: City of Muntinlupa | C16: 10788 | D16: =SUM(Apr!D16,May!D16,Jun!D16) -> 598 | E16: =SUM(Apr!E16,May!E16,Jun!E16) -> 549 | F16: =SUM(D16:E16) -> 1147 | G16: =IFERROR(F16/$C16*100,0) -> 10.632184 | H16: 4892 | I16: =SUM(Apr!I16,May!I16,Jun!I16) -> 116 | J16: =SUM(Apr!J16,May!J16,Jun!J16) -> 117 | K16: =SUM(I16:J16) -> 233 | L16: =IFERROR(K16/$H16*100,0) -> 4.7628782
A17: 1380900000 | B17: City of Navotas | C17: 5718 | D17: =SUM(Apr!D17,May!D17,Jun!D17) -> 566 | E17: =SUM(Apr!E17,May!E17,Jun!E17) -> 609 | F17: =SUM(D17:E17) -> 1175 | G17: =IFERROR(F17/$C17*100,0) -> 20.549143 | H17: 276 | I17: =SUM(Apr!I17,May!I17,Jun!I17) -> 61 | J17: =SUM(Apr!J17,May!J17,Jun!J17) -> 69 | K17: =SUM(I17:J17) -> 130 | L17: =IFERROR(K17/$H17*100,0) -> 47.101449
A18: 1381000000 | B18: City of Parañaque | C18: 14517 | D18: =SUM(Apr!D18,May!D18,Jun!D18) -> 1014 | E18: =SUM(Apr!E18,May!E18,Jun!E18) -> 1044 | F18: =SUM(D18:E18) -> 2058 | G18: =IFERROR(F18/$C18*100,0) -> 14.176483 | H18: 2053 | I18: =SUM(Apr!I18,May!I18,Jun!I18) -> 47 | J18: =SUM(Apr!J18,May!J18,Jun!J18) -> 45 | K18: =SUM(I18:J18) -> 92 | L18: =IFERROR(K18/$H18*100,0) -> 4.481247
A19: 1381100000 | B19: Pasay City | C19: 7684 | D19: =SUM(Apr!D19,May!D19,Jun!D19) -> 694 | E19: =SUM(Apr!E19,May!E19,Jun!E19) -> 654 | F19: =SUM(D19:E19) -> 1348 | G19: =IFERROR(F19/$C19*100,0) -> 17.542946 | H19: 1507 | I19: =SUM(Apr!I19,May!I19,Jun!I19) -> 73 | J19: =SUM(Apr!J19,May!J19,Jun!J19) -> 71 | K19: =SUM(I19:J19) -> 144 | L19: =IFERROR(K19/$H19*100,0) -> 9.5554081
A20: 1381200000 | B20: City of Pasig | C20: 19265 | D20: =SUM(Apr!D20,May!D20,Jun!D20) -> 1995 | E20: =SUM(Apr!E20,May!E20,Jun!E20) -> 2044 | F20: =SUM(D20:E20) -> 4039 | G20: =IFERROR(F20/$C20*100,0) -> 20.965481 | H20: 2803 | I20: =SUM(Apr!I20,May!I20,Jun!I20) -> 169 | J20: =SUM(Apr!J20,May!J20,Jun!J20) -> 139 | K20: =SUM(I20:J20) -> 308 | L20: =IFERROR(K20/$H20*100,0) -> 10.988227
A21: 1381300000 | B21: Quezon City | C21: 64737 | D21: =SUM(Apr!D21,May!D21,Jun!D21) -> 7475 | E21: =SUM(Apr!E21,May!E21,Jun!E21) -> 7613 | F21: =SUM(D21:E21) -> 15088 | G21: =IFERROR(F21/$C21*100,0) -> 23.30661 | H21: -868 | I21: =SUM(Apr!I21,May!I21,Jun!I21) -> 496 | J21: =SUM(Apr!J21,May!J21,Jun!J21) -> 491 | K21: =SUM(I21:J21) -> 987 | L21: =IFERROR(K21/$H21*100,0) -> -113.70968
A22: 1381400000 | B22: City of San Juan | C22: 2363 | D22: =SUM(Apr!D22,May!D22,Jun!D22) -> 124 | E22: =SUM(Apr!E22,May!E22,Jun!E22) -> 106 | F22: =SUM(D22:E22) -> 230 | G22: =IFERROR(F22/$C22*100,0) -> 9.7333898 | H22: 1266 | I22: =SUM(Apr!I22,May!I22,Jun!I22) -> 28 | J22: =SUM(Apr!J22,May!J22,Jun!J22) -> 33 | K22: =SUM(I22:J22) -> 61 | L22: =IFERROR(K22/$H22*100,0) -> 4.8183254
A23: 1381500000 | B23: City of Taguig | C23: 28175 | D23: =SUM(Apr!D23,May!D23,Jun!D23) -> 3569 | E23: =SUM(Apr!E23,May!E23,Jun!E23) -> 3586 | F23: =SUM(D23:E23) -> 7155 | G23: =IFERROR(F23/$C23*100,0) -> 25.394854 | H23: 17945 | I23: =SUM(Apr!I23,May!I23,Jun!I23) -> 455 | J23: =SUM(Apr!J23,May!J23,Jun!J23) -> 487 | K23: =SUM(I23:J23) -> 942 | L23: =IFERROR(K23/$H23*100,0) -> 5.2493731
A24: 1381600000 | B24: City of Valenzuela | C24: 14813 | D24: =SUM(Apr!D24,May!D24,Jun!D24) -> 1689 | E24: =SUM(Apr!E24,May!E24,Jun!E24) -> 1555 | F24: =SUM(D24:E24) -> 3244 | G24: =IFERROR(F24/$C24*100,0) -> 21.899683 | H24: 7459 | I24: =SUM(Apr!I24,May!I24,Jun!I24) -> 63 | J24: =SUM(Apr!J24,May!J24,Jun!J24) -> 58 | K24: =SUM(I24:J24) -> 121 | L24: =IFERROR(K24/$H24*100,0) -> 1.6222014
A25: 1381701000 | B25: Pateros | C25: 1221 | D25: =SUM(Apr!D25,May!D25,Jun!D25) -> 115 | E25: =SUM(Apr!E25,May!E25,Jun!E25) -> 97 | F25: =SUM(D25:E25) -> 212 | G25: =IFERROR(F25/$C25*100,0) -> 17.362817 | H25: 368 | I25: =SUM(Apr!I25,May!I25,Jun!I25) -> 11 | J25: =SUM(Apr!J25,May!J25,Jun!J25) -> 17 | K25: =SUM(I25:J25) -> 28 | L25: =IFERROR(K25/$H25*100,0) -> 7.6086957
A26: 1400000000 | B26: CAR | C26: 34199 | D26: =SUM(D27,D55,D69,D81,D90,D101,D109) -> 2507 | E26: =SUM(E27,E55,E69,E81,E90,E101,E109) -> 2407 | F26: =SUM(D26:E26) -> 4914 | G26: =IFERROR(F26/$C26*100,0) -> 14.368841 | H26: 11531 | I26: =SUM(I27,I55,I69,I81,I90,I101,I109) -> 190 | J26: =SUM(J27,J55,J69,J81,J90,J101,J109) -> 157 | K26: =SUM(I26:J26) -> 347 | L26: =IFERROR(K26/$H26*100,0) -> 3.0092793
A27: 1400100000 | B27: Abra | C27: 3951 | D27: =SUM(D28:D54) -> 342 | E27: =SUM(E28:E54) -> 350 | F27: =SUM(D27:E27) -> 692 | G27: =IFERROR(F27/$C27*100,0) -> 17.514553 | H27: 758 | I27: =SUM(I28:I54) -> 3 | J27: =SUM(J28:J54) -> 10 | K27: =SUM(I27:J27) -> 13 | L27: =IFERROR(K27/$H27*100,0) -> 1.7150396
A28: 1400101000 | B28: Bangued | C28: 808 | D28: =SUM(Apr!D28,May!D28,Jun!D28) -> 96 | E28: =SUM(Apr!E28,May!E28,Jun!E28) -> 98 | F28: =SUM(D28:E28) -> 194 | G28: =IFERROR(F28/$C28*100,0) -> 24.009901 | H28: 62 | I28: =SUM(Apr!I28,May!I28,Jun!I28) -> 0 | J28: =SUM(Apr!J28,May!J28,Jun!J28) -> 0 | K28: =SUM(I28:J28) -> 0 | L28: =IFERROR(K28/$H28*100,0) -> 0
A29: 1400102000 | B29: Boliney | C29: 79 | D29: =SUM(Apr!D29,May!D29,Jun!D29) -> 4 | E29: =SUM(Apr!E29,May!E29,Jun!E29) -> 1 | F29: =SUM(D29:E29) -> 5 | G29: =IFERROR(F29/$C29*100,0) -> 6.3291139 | H29: 41 | I29: =SUM(Apr!I29,May!I29,Jun!I29) -> 0 | J29: =SUM(Apr!J29,May!J29,Jun!J29) -> 2 | K29: =SUM(I29:J29) -> 2 | L29: =IFERROR(K29/$H29*100,0) -> 4.8780488
A30: 1400103000 | B30: Bucay | C30: 279 | D30: =SUM(Apr!D30,May!D30,Jun!D30) -> 29 | E30: =SUM(Apr!E30,May!E30,Jun!E30) -> 34 | F30: =SUM(D30:E30) -> 63 | G30: =IFERROR(F30/$C30*100,0) -> 22.580645 | H30: 24 | I30: =SUM(Apr!I30,May!I30,Jun!I30) -> 0 | J30: =SUM(Apr!J30,May!J30,Jun!J30) -> 0 | K30: =SUM(I30:J30) -> 0 | L30: =IFERROR(K30/$H30*100,0) -> 0
A31: 1400104000 | B31: Bucloc | C31: 30 | D31: =SUM(Apr!D31,May!D31,Jun!D31) -> 3 | E31: =SUM(Apr!E31,May!E31,Jun!E31) -> 2 | F31: =SUM(D31:E31) -> 5 | G31: =IFERROR(F31/$C31*100,0) -> 16.666667 | H31: 17 | I31: =SUM(Apr!I31,May!I31,Jun!I31) -> 0 | J31: =SUM(Apr!J31,May!J31,Jun!J31) -> 1 | K31: =SUM(I31:J31) -> 1 | L31: =IFERROR(K31/$H31*100,0) -> 5.8823529
A32: 1400105000 | B32: Daguioman | C32: 34 | D32: =SUM(Apr!D32,May!D32,Jun!D32) -> 3 | E32: =SUM(Apr!E32,May!E32,Jun!E32) -> 5 | F32: =SUM(D32:E32) -> 8 | G32: =IFERROR(F32/$C32*100,0) -> 23.529412 | H32: 9 | I32: =SUM(Apr!I32,May!I32,Jun!I32) -> 1 | J32: =SUM(Apr!J32,May!J32,Jun!J32) -> 0 | K32: =SUM(I32:J32) -> 1 | L32: =IFERROR(K32/$H32*100,0) -> 11.111111
A33: 1400106000 | B33: Danglas | C33: 60 | D33: =SUM(Apr!D33,May!D33,Jun!D33) -> 4 | E33: =SUM(Apr!E33,May!E33,Jun!E33) -> 9 | F33: =SUM(D33:E33) -> 13 | G33: =IFERROR(F33/$C33*100,0) -> 21.666667 | H33: 0 | I33: =SUM(Apr!I33,May!I33,Jun!I33) -> 0 | J33: =SUM(Apr!J33,May!J33,Jun!J33) -> 0 | K33: =SUM(I33:J33) -> 0 | L33: =IFERROR(K33/$H33*100,0) -> 0
A34: 1400107000 | B34: Dolores | C34: 193 | D34: =SUM(Apr!D34,May!D34,Jun!D34) -> 15 | E34: =SUM(Apr!E34,May!E34,Jun!E34) -> 15 | F34: =SUM(D34:E34) -> 30 | G34: =IFERROR(F34/$C34*100,0) -> 15.544041 | H34: 20 | I34: =SUM(Apr!I34,May!I34,Jun!I34) -> 0 | J34: =SUM(Apr!J34,May!J34,Jun!J34) -> 2 | K34: =SUM(I34:J34) -> 2 | L34: =IFERROR(K34/$H34*100,0) -> 10
A35: 1400108000 | B35: La Paz | C35: 268 | D35: =SUM(Apr!D35,May!D35,Jun!D35) -> 12 | E35: =SUM(Apr!E35,May!E35,Jun!E35) -> 22 | F35: =SUM(D35:E35) -> 34 | G35: =IFERROR(F35/$C35*100,0) -> 12.686567 | H35: -2 | I35: =SUM(Apr!I35,May!I35,Jun!I35) -> 0 | J35: =SUM(Apr!J35,May!J35,Jun!J35) -> 0 | K35: =SUM(I35:J35) -> 0 | L35: =IFERROR(K35/$H35*100,0) -> 0
A36: 1400109000 | B36: Lacub | C36: 67 | D36: =SUM(Apr!D36,May!D36,Jun!D36) -> 4 | E36: =SUM(Apr!E36,May!E36,Jun!E36) -> 4 | F36: =SUM(D36:E36) -> 8 | G36: =IFERROR(F36/$C36*100,0) -> 11.940299 | H36: 42 | I36: =SUM(Apr!I36,May!I36,Jun!I36) -> 0 | J36: =SUM(Apr!J36,May!J36,Jun!J36) -> 2 | K36: =SUM(I36:J36) -> 2 | L36: =IFERROR(K36/$H36*100,0) -> 4.7619048
A37: 1400110000 | B37: Lagangilang | C37: 243 | D37: =SUM(Apr!D37,May!D37,Jun!D37) -> 19 | E37: =SUM(Apr!E37,May!E37,Jun!E37) -> 11 | F37: =SUM(D37:E37) -> 30 | G37: =IFERROR(F37/$C37*100,0) -> 12.345679 | H37: 46 | I37: =SUM(Apr!I37,May!I37,Jun!I37) -> 0 | J37: =SUM(Apr!J37,May!J37,Jun!J37) -> 0 | K37: =SUM(I37:J37) -> 0 | L37: =IFERROR(K37/$H37*100,0) -> 0
A38: 1400111000 | B38: Lagayan | C38: 64 | D38: =SUM(Apr!D38,May!D38,Jun!D38) -> 4 | E38: =SUM(Apr!E38,May!E38,Jun!E38) -> 11 | F38: =SUM(D38:E38) -> 15 | G38: =IFERROR(F38/$C38*100,0) -> 23.4375 | H38: 3 | I38: =SUM(Apr!I38,May!I38,Jun!I38) -> 0 | J38: =SUM(Apr!J38,May!J38,Jun!J38) -> 0 | K38: =SUM(I38:J38) -> 0 | L38: =IFERROR(K38/$H38*100,0) -> 0
A39: 1400112000 | B39: Langiden | C39: 58 | D39: =SUM(Apr!D39,May!D39,Jun!D39) -> 5 | E39: =SUM(Apr!E39,May!E39,Jun!E39) -> 4 | F39: =SUM(D39:E39) -> 9 | G39: =IFERROR(F39/$C39*100,0) -> 15.517241 | H39: 29 | I39: =SUM(Apr!I39,May!I39,Jun!I39) -> 0 | J39: =SUM(Apr!J39,May!J39,Jun!J39) -> 0 | K39: =SUM(I39:J39) -> 0 | L39: =IFERROR(K39/$H39*100,0) -> 0
... A54: 1400127000 | B54: Villaviciosa | C54: 91 | D54: =SUM(Apr!D54,May!D54,Jun!D54) -> 9 | E54: =SUM(Apr!E54,May!E54,Jun!E54) -> 6 | F54: =SUM(D54:E54) -> 15 | G54: =IFERROR(F54/$C54*100,0) -> 16.483516 | H54: 27 | I54: =SUM(Apr!I54,May!I54,Jun!I54) -> 0 | J54: =SUM(Apr!J54,May!J54,Jun!J54) -> 0 | K54: =SUM(I54:J54) -> 0 | L54: =IFERROR(K54/$H54*100,0) -> 0
A55: 1401100000 | B55: Benguet | C55: 9666 | D55: =SUM(D56:D68) -> 581 | E55: =SUM(E56:E68) -> 526 | F55: =SUM(D55:E55) -> 1107 | G55: =IFERROR(F55/$C55*100,0) -> 11.452514 | H55: 4686 | I55: =SUM(I56:I68) -> 76 | J55: =SUM(J56:J68) -> 55 | K55: =SUM(I55:J55) -> 131 | L55: =IFERROR(K55/$H55*100,0) -> 2.7955612
A56: 1401101000 | B56: Atok | C56: 364 | D56: =SUM(Apr!D56,May!D56,Jun!D56) -> 23 | E56: =SUM(Apr!E56,May!E56,Jun!E56) -> 22 | F56: =SUM(D56:E56) -> 45 | G56: =IFERROR(F56/$C56*100,0) -> 12.362637 | H56: 174 | I56: =SUM(Apr!I56,May!I56,Jun!I56) -> 2 | J56: =SUM(Apr!J56,May!J56,Jun!J56) -> 0 | K56: =SUM(I56:J56) -> 2 | L56: =IFERROR(K56/$H56*100,0) -> 1.1494253
A57: 1401103000 | B57: Bakun | C57: 326 | D57: =SUM(Apr!D57,May!D57,Jun!D57) -> 26 | E57: =SUM(Apr!E57,May!E57,Jun!E57) -> 21 | F57: =SUM(D57:E57) -> 47 | G57: =IFERROR(F57/$C57*100,0) -> 14.417178 | H57: 169 | I57: =SUM(Apr!I57,May!I57,Jun!I57) -> 1 | J57: =SUM(Apr!J57,May!J57,Jun!J57) -> 1 | K57: =SUM(I57:J57) -> 2 | L57: =IFERROR(K57/$H57*100,0) -> 1.183432
A58: 1401104000 | B58: Bokod | C58: 317 | D58: =SUM(Apr!D58,May!D58,Jun!D58) -> 31 | E58: =SUM(Apr!E58,May!E58,Jun!E58) -> 28 | F58: =SUM(D58:E58) -> 59 | G58: =IFERROR(F58/$C58*100,0) -> 18.611987 | H58: 136 | I58: =SUM(Apr!I58,May!I58,Jun!I58) -> 0 | J58: =SUM(Apr!J58,May!J58,Jun!J58) -> 1 | K58: =SUM(I58:J58) -> 1 | L58: =IFERROR(K58/$H58*100,0) -> 0.73529412
A59: 1401105000 | B59: Buguias | C59: 1045 | D59: =SUM(Apr!D59,May!D59,Jun!D59) -> 78 | E59: =SUM(Apr!E59,May!E59,Jun!E59) -> 61 | F59: =SUM(D59:E59) -> 139 | G59: =IFERROR(F59/$C59*100,0) -> 13.301435 | H59: 477 | I59: =SUM(Apr!I59,May!I59,Jun!I59) -> 2 | J59: =SUM(Apr!J59,May!J59,Jun!J59) -> 4 | K59: =SUM(I59:J59) -> 6 | L59: =IFERROR(K59/$H59*100,0) -> 1.2578616
A60: 1401106000 | B60: Itogon | C60: 1208 | D60: =SUM(Apr!D60,May!D60,Jun!D60) -> 47 | E60: =SUM(Apr!E60,May!E60,Jun!E60) -> 35 | F60: =SUM(D60:E60) -> 82 | G60: =IFERROR(F60/$C60*100,0) -> 6.7880795 | H60: 746 | I60: =SUM(Apr!I60,May!I60,Jun!I60) -> 13 | J60: =SUM(Apr!J60,May!J60,Jun!J60) -> 8 | K60: =SUM(I60:J60) -> 21 | L60: =IFERROR(K60/$H60*100,0) -> 2.8150134
A61: 1401107000 | B61: Kabayan | C61: 340 | D61: =SUM(Apr!D61,May!D61,Jun!D61) -> 13 | E61: =SUM(Apr!E61,May!E61,Jun!E61) -> 29 | F61: =SUM(D61:E61) -> 42 | G61: =IFERROR(F61/$C61*100,0) -> 12.352941 | H61: 132 | I61: =SUM(Apr!I61,May!I61,Jun!I61) -> 1 | J61: =SUM(Apr!J61,May!J61,Jun!J61) -> 2 | K61: =SUM(I61:J61) -> 3 | L61: =IFERROR(K61/$H61*100,0) -> 2.2727273
A62: 1401108000 | B62: Kapangan | C62: 294 | D62: =SUM(Apr!D62,May!D62,Jun!D62) -> 24 | E62: =SUM(Apr!E62,May!E62,Jun!E62) -> 18 | F62: =SUM(D62:E62) -> 42 | G62: =IFERROR(F62/$C62*100,0) -> 14.285714 | H62: 117 | I62: =SUM(Apr!I62,May!I62,Jun!I62) -> 1 | J62: =SUM(Apr!J62,May!J62,Jun!J62) -> 1 | K62: =SUM(I62:J62) -> 2 | L62: =IFERROR(K62/$H62*100,0) -> 1.7094017
A63: 1401109000 | B63: Kibungan | C63: 411 | D63: =SUM(Apr!D63,May!D63,Jun!D63) -> 27 | E63: =SUM(Apr!E63,May!E63,Jun!E63) -> 27 | F63: =SUM(D63:E63) -> 54 | G63: =IFERROR(F63/$C63*100,0) -> 13.138686 | H63: 207 | I63: =SUM(Apr!I63,May!I63,Jun!I63) -> 4 | J63: =SUM(Apr!J63,May!J63,Jun!J63) -> 0 | K63: =SUM(I63:J63) -> 4 | L63: =IFERROR(K63/$H63*100,0) -> 1.9323671
A64: 1401110000 | B64: La Trinidad | C64: 2934 | D64: =SUM(Apr!D64,May!D64,Jun!D64) -> 141 | E64: =SUM(Apr!E64,May!E64,Jun!E64) -> 129 | F64: =SUM(D64:E64) -> 270 | G64: =IFERROR(F64/$C64*100,0) -> 9.202454 | H64: 1465 | I64: =SUM(Apr!I64,May!I64,Jun!I64) -> 40 | J64: =SUM(Apr!J64,May!J64,Jun!J64) -> 28 | K64: =SUM(I64:J64) -> 68 | L64: =IFERROR(K64/$H64*100,0) -> 4.6416382
A65: 1401111000 | B65: Mankayan | C65: 936 | D65: =SUM(Apr!D65,May!D65,Jun!D65) -> 61 | E65: =SUM(Apr!E65,May!E65,Jun!E65) -> 55 | F65: =SUM(D65:E65) -> 116 | G65: =IFERROR(F65/$C65*100,0) -> 12.393162 | H65: 427 | I65: =SUM(Apr!I65,May!I65,Jun!I65) -> 2 | J65: =SUM(Apr!J65,May!J65,Jun!J65) -> 3 | K65: =SUM(I65:J65) -> 5 | L65: =IFERROR(K65/$H65*100,0) -> 1.1709602
A66: 1401112000 | B66: Sablan | C66: 182 | D66: =SUM(Apr!D66,May!D66,Jun!D66) -> 10 | E66: =SUM(Apr!E66,May!E66,Jun!E66) -> 12 | F66: =SUM(D66:E66) -> 22 | G66: =IFERROR(F66/$C66*100,0) -> 12.087912 | H66: 63 | I66: =SUM(Apr!I66,May!I66,Jun!I66) -> 0 | J66: =SUM(Apr!J66,May!J66,Jun!J66) -> 0 | K66: =SUM(I66:J66) -> 0 | L66: =IFERROR(K66/$H66*100,0) -> 0
A67: 1401113000 | B67: Tuba | C67: 911 | D67: =SUM(Apr!D67,May!D67,Jun!D67) -> 46 | E67: =SUM(Apr!E67,May!E67,Jun!E67) -> 51 | F67: =SUM(D67:E67) -> 97 | G67: =IFERROR(F67/$C67*100,0) -> 10.64764 | H67: 532 | I67: =SUM(Apr!I67,May!I67,Jun!I67) -> 10 | J67: =SUM(Apr!J67,May!J67,Jun!J67) -> 7 | K67: =SUM(I67:J67) -> 17 | L67: =IFERROR(K67/$H67*100,0) -> 3.1954887
A68: 1401114000 | B68: Tublay | C68: 398 | D68: =SUM(Apr!D68,May!D68,Jun!D68) -> 54 | E68: =SUM(Apr!E68,May!E68,Jun!E68) -> 38 | F68: =SUM(D68:E68) -> 92 | G68: =IFERROR(F68/$C68*100,0) -> 23.115578 | H68: 41 | I68: =SUM(Apr!I68,May!I68,Jun!I68) -> 0 | J68: =SUM(Apr!J68,May!J68,Jun!J68) -> 0 | K68: =SUM(I68:J68) -> 0 | L68: =IFERROR(K68/$H68*100,0) -> 0
A69: 1402700000 | B69: Ifugao | C69: 4502 | D69: =SUM(D70:D80) -> 294 | E69: =SUM(E70:E80) -> 310 | F69: =SUM(D69:E69) -> 604 | G69: =IFERROR(F69/$C69*100,0) -> 13.416259 | H69: 1516 | I69: =SUM(I70:I80) -> 25 | J69: =SUM(J70:J80) -> 20 | K69: =SUM(I69:J69) -> 45 | L69: =IFERROR(K69/$H69*100,0) -> 2.9683377
A70: 1402701000 | B70: Banaue | C70: 368 | D70: =SUM(Apr!D70,May!D70,Jun!D70) -> 26 | E70: =SUM(Apr!E70,May!E70,Jun!E70) -> 24 | F70: =SUM(D70:E70) -> 50 | G70: =IFERROR(F70/$C70*100,0) -> 13.586957 | H70: 145 | I70: =SUM(Apr!I70,May!I70,Jun!I70) -> 8 | J70: =SUM(Apr!J70,May!J70,Jun!J70) -> 9 | K70: =SUM(I70:J70) -> 17 | L70: =IFERROR(K70/$H70*100,0) -> 11.724138
A71: 1402702000 | B71: Hungduan | C71: 187 | D71: =SUM(Apr!D71,May!D71,Jun!D71) -> 11 | E71: =SUM(Apr!E71,May!E71,Jun!E71) -> 15 | F71: =SUM(D71:E71) -> 26 | G71: =IFERROR(F71/$C71*100,0) -> 13.903743 | H71: 90 | I71: =SUM(Apr!I71,May!I71,Jun!I71) -> 1 | J71: =SUM(Apr!J71,May!J71,Jun!J71) -> 0 | K71: =SUM(I71:J71) -> 1 | L71: =IFERROR(K71/$H71*100,0) -> 1.1111111
A72: 1402703000 | B72: Kiangan | C72: 336 | D72: =SUM(Apr!D72,May!D72,Jun!D72) -> 39 | E72: =SUM(Apr!E72,May!E72,Jun!E72) -> 20 | F72: =SUM(D72:E72) -> 59 | G72: =IFERROR(F72/$C72*100,0) -> 17.559524 | H72: 102 | I72: =SUM(Apr!I72,May!I72,Jun!I72) -> 1 | J72: =SUM(Apr!J72,May!J72,Jun!J72) -> 1 | K72: =SUM(I72:J72) -> 2 | L72: =IFERROR(K72/$H72*100,0) -> 1.9607843
A73: 1402704000 | B73: Lagawe | C73: 373 | D73: =SUM(Apr!D73,May!D73,Jun!D73) -> 28 | E73: =SUM(Apr!E73,May!E73,Jun!E73) -> 28 | F73: =SUM(D73:E73) -> 56 | G73: =IFERROR(F73/$C73*100,0) -> 15.013405 | H73: 124 | I73: =SUM(Apr!I73,May!I73,Jun!I73) -> 4 | J73: =SUM(Apr!J73,May!J73,Jun!J73) -> 1 | K73: =SUM(I73:J73) -> 5 | L73: =IFERROR(K73/$H73*100,0) -> 4.0322581
A74: 1402705000 | B74: Lamut | C74: 531 | D74: =SUM(Apr!D74,May!D74,Jun!D74) -> 48 | E74: =SUM(Apr!E74,May!E74,Jun!E74) -> 39 | F74: =SUM(D74:E74) -> 87 | G74: =IFERROR(F74/$C74*100,0) -> 16.384181 | H74: 152 | I74: =SUM(Apr!I74,May!I74,Jun!I74) -> 3 | J74: =SUM(Apr!J74,May!J74,Jun!J74) -> 4 | K74: =SUM(I74:J74) -> 7 | L74: =IFERROR(K74/$H74*100,0) -> 4.6052632
A75: 1402706000 | B75: Mayoyao | C75: 320 | D75: =SUM(Apr!D75,May!D75,Jun!D75) -> 15 | E75: =SUM(Apr!E75,May!E75,Jun!E75) -> 13 | F75: =SUM(D75:E75) -> 28 | G75: =IFERROR(F75/$C75*100,0) -> 8.75 | H75: 178 | I75: =SUM(Apr!I75,May!I75,Jun!I75) -> 0 | J75: =SUM(Apr!J75,May!J75,Jun!J75) -> 0 | K75: =SUM(I75:J75) -> 0 | L75: =IFERROR(K75/$H75*100,0) -> 0
A76: 1402707000 | B76: Alfonso Lista | C76: 705 | D76: =SUM(Apr!D76,May!D76,Jun!D76) -> 45 | E76: =SUM(Apr!E76,May!E76,Jun!E76) -> 53 | F76: =SUM(D76:E76) -> 98 | G76: =IFERROR(F76/$C76*100,0) -> 13.900709 | H76: 117 | I76: =SUM(Apr!I76,May!I76,Jun!I76) -> 1 | J76: =SUM(Apr!J76,May!J76,Jun!J76) -> 0 | K76: =SUM(I76:J76) -> 1 | L76: =IFERROR(K76/$H76*100,0) -> 0.85470085
A77: 1402708000 | B77: Aguinaldo | C77: 556 | D77: =SUM(Apr!D77,May!D77,Jun!D77) -> 19 | E77: =SUM(Apr!E77,May!E77,Jun!E77) -> 25 | F77: =SUM(D77:E77) -> 44 | G77: =IFERROR(F77/$C77*100,0) -> 7.9136691 | H77: 193 | I77: =SUM(Apr!I77,May!I77,Jun!I77) -> 2 | J77: =SUM(Apr!J77,May!J77,Jun!J77) -> 1 | K77: =SUM(I77:J77) -> 3 | L77: =IFERROR(K77/$H77*100,0) -> 1.5544041
A78: 1402709000 | B78: Hingyon | C78: 174 | D78: =SUM(Apr!D78,May!D78,Jun!D78) -> 9 | E78: =SUM(Apr!E78,May!E78,Jun!E78) -> 18 | F78: =SUM(D78:E78) -> 27 | G78: =IFERROR(F78/$C78*100,0) -> 15.517241 | H78: 68 | I78: =SUM(Apr!I78,May!I78,Jun!I78) -> 0 | J78: =SUM(Apr!J78,May!J78,Jun!J78) -> 2 | K78: =SUM(I78:J78) -> 2 | L78: =IFERROR(K78/$H78*100,0) -> 2.9411765
A79: 1402710000 | B79: Tinoc | C79: 484 | D79: =SUM(Apr!D79,May!D79,Jun!D79) -> 34 | E79: =SUM(Apr!E79,May!E79,Jun!E79) -> 37 | F79: =SUM(D79:E79) -> 71 | G79: =IFERROR(F79/$C79*100,0) -> 14.669421 | H79: 132 | I79: =SUM(Apr!I79,May!I79,Jun!I79) -> 5 | J79: =SUM(Apr!J79,May!J79,Jun!J79) -> 2 | K79: =SUM(I79:J79) -> 7 | L79: =IFERROR(K79/$H79*100,0) -> 5.3030303
A80: 1402711000 | B80: Asipulo | C80: 468 | D80: =SUM(Apr!D80,May!D80,Jun!D80) -> 20 | E80: =SUM(Apr!E80,May!E80,Jun!E80) -> 38 | F80: =SUM(D80:E80) -> 58 | G80: =IFERROR(F80/$C80*100,0) -> 12.393162 | H80: 215 | I80: =SUM(Apr!I80,May!I80,Jun!I80) -> 0 | J80: =SUM(Apr!J80,May!J80,Jun!J80) -> 0 | K80: =SUM(I80:J80) -> 0 | L80: =IFERROR(K80/$H80*100,0) -> 0
A81: 1403200000 | B81: Kalinga | C81: 4979 | D81: =SUM(D82:D89) -> 469 | E81: =SUM(E82:E89) -> 410 | F81: =SUM(D81:E81) -> 879 | G81: =IFERROR(F81/$C81*100,0) -> 17.654147 | H81: 906 | I81: =SUM(I82:I89) -> 0 | J81: =SUM(J82:J89) -> 1 | K81: =SUM(I81:J81) -> 1 | L81: =IFERROR(K81/$H81*100,0) -> 0.11037528
A82: 1403201000 | B82: Balbalan | C82: 198 | D82: =SUM(Apr!D82,May!D82,Jun!D82) -> 13 | E82: =SUM(Apr!E82,May!E82,Jun!E82) -> 19 | F82: =SUM(D82:E82) -> 32 | G82: =IFERROR(F82/$C82*100,0) -> 16.161616 | H82: 46 | I82: =SUM(Apr!I82,May!I82,Jun!I82) -> 0 | J82: =SUM(Apr!J82,May!J82,Jun!J82) -> 0 | K82: =SUM(I82:J82) -> 0 | L82: =IFERROR(K82/$H82*100,0) -> 0
A83: 1403206000 | B83: Lubuagan | C83: 181 | D83: =SUM(Apr!D83,May!D83,Jun!D83) -> 12 | E83: =SUM(Apr!E83,May!E83,Jun!E83) -> 5 | F83: =SUM(D83:E83) -> 17 | G83: =IFERROR(F83/$C83*100,0) -> 9.3922652 | H83: 51 | I83: =SUM(Apr!I83,May!I83,Jun!I83) -> 0 | J83: =SUM(Apr!J83,May!J83,Jun!J83) -> 0 | K83: =SUM(I83:J83) -> 0 | L83: =IFERROR(K83/$H83*100,0) -> 0
A84: 1403208000 | B84: Pasil | C84: 207 | D84: =SUM(Apr!D84,May!D84,Jun!D84) -> 15 | E84: =SUM(Apr!E84,May!E84,Jun!E84) -> 12 | F84: =SUM(D84:E84) -> 27 | G84: =IFERROR(F84/$C84*100,0) -> 13.043478 | H84: 86 | I84: =SUM(Apr!I84,May!I84,Jun!I84) -> 0 | J84: =SUM(Apr!J84,May!J84,Jun!J84) -> 0 | K84: =SUM(I84:J84) -> 0 | L84: =IFERROR(K84/$H84*100,0) -> 0
A85: 1403209000 | B85: Pinukpuk | C85: 739 | D85: =SUM(Apr!D85,May!D85,Jun!D85) -> 64 | E85: =SUM(Apr!E85,May!E85,Jun!E85) -> 58 | F85: =SUM(D85:E85) -> 122 | G85: =IFERROR(F85/$C85*100,0) -> 16.508796 | H85: 351 | I85: =SUM(Apr!I85,May!I85,Jun!I85) -> 0 | J85: =SUM(Apr!J85,May!J85,Jun!J85) -> 0 | K85: =SUM(I85:J85) -> 0 | L85: =IFERROR(K85/$H85*100,0) -> 0
A86: 1403211000 | B86: Rizal | C86: 419 | D86: =SUM(Apr!D86,May!D86,Jun!D86) -> 30 | E86: =SUM(Apr!E86,May!E86,Jun!E86) -> 20 | F86: =SUM(D86:E86) -> 50 | G86: =IFERROR(F86/$C86*100,0) -> 11.933174 | H86: 121 | I86: =SUM(Apr!I86,May!I86,Jun!I86) -> 0 | J86: =SUM(Apr!J86,May!J86,Jun!J86) -> 0 | K86: =SUM(I86:J86) -> 0 | L86: =IFERROR(K86/$H86*100,0) -> 0
A87: 1403213000 | B87: City of Tabuk | C87: 2809 | D87: =SUM(Apr!D87,May!D87,Jun!D87) -> 299 | E87: =SUM(Apr!E87,May!E87,Jun!E87) -> 253 | F87: =SUM(D87:E87) -> 552 | G87: =IFERROR(F87/$C87*100,0) -> 19.651121 | H87: 106 | I87: =SUM(Apr!I87,May!I87,Jun!I87) -> 0 | J87: =SUM(Apr!J87,May!J87,Jun!J87) -> 0 | K87: =SUM(I87:J87) -> 0 | L87: =IFERROR(K87/$H87*100,0) -> 0
A88: 1403214000 | B88: Tanudan | C88: 151 | D88: =SUM(Apr!D88,May!D88,Jun!D88) -> 14 | E88: =SUM(Apr!E88,May!E88,Jun!E88) -> 18 | F88: =SUM(D88:E88) -> 32 | G88: =IFERROR(F88/$C88*100,0) -> 21.192053 | H88: 23 | I88: =SUM(Apr!I88,May!I88,Jun!I88) -> 0 | J88: =SUM(Apr!J88,May!J88,Jun!J88) -> 1 | K88: =SUM(I88:J88) -> 1 | L88: =IFERROR(K88/$H88*100,0) -> 4.3478261
A89: 1403215000 | B89: Tinglayan | C89: 275 | D89: =SUM(Apr!D89,May!D89,Jun!D89) -> 22 | E89: =SUM(Apr!E89,May!E89,Jun!E89) -> 25 | F89: =SUM(D89:E89) -> 47 | G89: =IFERROR(F89/$C89*100,0) -> 17.090909 | H89: 122 | I89: =SUM(Apr!I89,May!I89,Jun!I89) -> 0 | J89: =SUM(Apr!J89,May!J89,Jun!J89) -> 0 | K89: =SUM(I89:J89) -> 0 | L89: =IFERROR(K89/$H89*100,0) -> 0
A90: 1404400000 | B90: Mountain Province | C90: 2838 | D90: =SUM(D91:D100) -> 247 | E90: =SUM(E91:E100) -> 250 | F90: =SUM(D90:E90) -> 497 | G90: =IFERROR(F90/$C90*100,0) -> 17.512333 | H90: 820 | I90: =SUM(I91:I100) -> 2 | J90: =SUM(J91:J100) -> 1 | K90: =SUM(I90:J90) -> 3 | L90: =IFERROR(K90/$H90*100,0) -> 0.36585366
A91: 1404401000 | B91: Barlig | C91: 81 | D91: =SUM(Apr!D91,May!D91,Jun!D91) -> 8 | E91: =SUM(Apr!E91,May!E91,Jun!E91) -> 9 | F91: =SUM(D91:E91) -> 17 | G91: =IFERROR(F91/$C91*100,0) -> 20.987654 | H91: 33 | I91: =SUM(Apr!I91,May!I91,Jun!I91) -> 1 | J91: =SUM(Apr!J91,May!J91,Jun!J91) -> 0 | K91: =SUM(I91:J91) -> 1 | L91: =IFERROR(K91/$H91*100,0) -> 3.030303
A92: 1404402000 | B92: Bauko | C92: 605 | D92: =SUM(Apr!D92,May!D92,Jun!D92) -> 67 | E92: =SUM(Apr!E92,May!E92,Jun!E92) -> 68 | F92: =SUM(D92:E92) -> 135 | G92: =IFERROR(F92/$C92*100,0) -> 22.31405 | H92: 78 | I92: =SUM(Apr!I92,May!I92,Jun!I92) -> 0 | J92: =SUM(Apr!J92,May!J92,Jun!J92) -> 0 | K92: =SUM(I92:J92) -> 0 | L92: =IFERROR(K92/$H92*100,0) -> 0
A93: 1404403000 | B93: Besao | C93: 124 | D93: =SUM(Apr!D93,May!D93,Jun!D93) -> 7 | E93: =SUM(Apr!E93,May!E93,Jun!E93) -> 13 | F93: =SUM(D93:E93) -> 20 | G93: =IFERROR(F93/$C93*100,0) -> 16.129032 | H93: 50 | I93: =SUM(Apr!I93,May!I93,Jun!I93) -> 0 | J93: =SUM(Apr!J93,May!J93,Jun!J93) -> 0 | K93: =SUM(I93:J93) -> 0 | L93: =IFERROR(K93/$H93*100,0) -> 0
A94: 1404404000 | B94: Bontoc | C94: 405 | D94: =SUM(Apr!D94,May!D94,Jun!D94) -> 40 | E94: =SUM(Apr!E94,May!E94,Jun!E94) -> 29 | F94: =SUM(D94:E94) -> 69 | G94: =IFERROR(F94/$C94*100,0) -> 17.037037 | H94: 109 | I94: =SUM(Apr!I94,May!I94,Jun!I94) -> 0 | J94: =SUM(Apr!J94,May!J94,Jun!J94) -> 0 | K94: =SUM(I94:J94) -> 0 | L94: =IFERROR(K94/$H94*100,0) -> 0
A95: 1404405000 | B95: Natonin | C95: 183 | D95: =SUM(Apr!D95,May!D95,Jun!D95) -> 19 | E95: =SUM(Apr!E95,May!E95,Jun!E95) -> 17 | F95: =SUM(D95:E95) -> 36 | G95: =IFERROR(F95/$C95*100,0) -> 19.672131 | H95: 47 | I95: =SUM(Apr!I95,May!I95,Jun!I95) -> 0 | J95: =SUM(Apr!J95,May!J95,Jun!J95) -> 0 | K95: =SUM(I95:J95) -> 0 | L95: =IFERROR(K95/$H95*100,0) -> 0
A96: 1404406000 | B96: Paracelis | C96: 712 | D96: =SUM(Apr!D96,May!D96,Jun!D96) -> 45 | E96: =SUM(Apr!E96,May!E96,Jun!E96) -> 60 | F96: =SUM(D96:E96) -> 105 | G96: =IFERROR(F96/$C96*100,0) -> 14.747191 | H96: 298 | I96: =SUM(Apr!I96,May!I96,Jun!I96) -> 0 | J96: =SUM(Apr!J96,May!J96,Jun!J96) -> 0 | K96: =SUM(I96:J96) -> 0 | L96: =IFERROR(K96/$H96*100,0) -> 0
A97: 1404407000 | B97: Sabangan | C97: 160 | D97: =SUM(Apr!D97,May!D97,Jun!D97) -> 13 | E97: =SUM(Apr!E97,May!E97,Jun!E97) -> 13 | F97: =SUM(D97:E97) -> 26 | G97: =IFERROR(F97/$C97*100,0) -> 16.25 | H97: 66 | I97: =SUM(Apr!I97,May!I97,Jun!I97) -> 0 | J97: =SUM(Apr!J97,May!J97,Jun!J97) -> 0 | K97: =SUM(I97:J97) -> 0 | L97: =IFERROR(K97/$H97*100,0) -> 0
A98: 1404408000 | B98: Sadanga | C98: 125 | D98: =SUM(Apr!D98,May!D98,Jun!D98) -> 10 | E98: =SUM(Apr!E98,May!E98,Jun!E98) -> 8 | F98: =SUM(D98:E98) -> 18 | G98: =IFERROR(F98/$C98*100,0) -> 14.4 | H98: 2 | I98: =SUM(Apr!I98,May!I98,Jun!I98) -> 0 | J98: =SUM(Apr!J98,May!J98,Jun!J98) -> 0 | K98: =SUM(I98:J98) -> 0 | L98: =IFERROR(K98/$H98*100,0) -> 0
A99: 1404409000 | B99: Sagada | C99: 168 | D99: =SUM(Apr!D99,May!D99,Jun!D99) -> 14 | E99: =SUM(Apr!E99,May!E99,Jun!E99) -> 10 | F99: =SUM(D99:E99) -> 24 | G99: =IFERROR(F99/$C99*100,0) -> 14.285714 | H99: 64 | I99: =SUM(Apr!I99,May!I99,Jun!I99) -> 1 | J99: =SUM(Apr!J99,May!J99,Jun!J99) -> 1 | K99: =SUM(I99:J99) -> 2 | L99: =IFERROR(K99/$H99*100,0) -> 3.125
A100: 1404410000 | B100: Tadian | C100: 275 | D100: =SUM(Apr!D100,May!D100,Jun!D100) -> 24 | E100: =SUM(Apr!E100,May!E100,Jun!E100) -> 23 | F100: =SUM(D100:E100) -> 47 | G100: =IFERROR(F100/$C100*100,0) -> 17.090909 | H100: 73 | I100: =SUM(Apr!I100,May!I100,Jun!I100) -> 0 | J100: =SUM(Apr!J100,May!J100,Jun!J100) -> 0 | K100: =SUM(I100:J100) -> 0 | L100: =IFERROR(K100/$H100*100,0) -> 0
A101: 1408100000 | B101: Apayao | C101: 2416 | D101: =SUM(D102:D108) -> 174 | E101: =SUM(E102:E108) -> 174 | F101: =SUM(D101:E101) -> 348 | G101: =IFERROR(F101/$C101*100,0) -> 14.403974 | H101: 689 | I101: =SUM(I102:I108) -> 9 | J101: =SUM(J102:J108) -> 10 | K101: =SUM(I101:J101) -> 19 | L101: =IFERROR(K101/$H101*100,0) -> 2.7576197
A102: 1408101000 | B102: Calanasan | C102: 215 | D102: =SUM(Apr!D102,May!D102,Jun!D102) -> 18 | E102: =SUM(Apr!E102,May!E102,Jun!E102) -> 9 | F102: =SUM(D102:E102) -> 27 | G102: =IFERROR(F102/$C102*100,0) -> 12.55814 | H102: 62 | I102: =SUM(Apr!I102,May!I102,Jun!I102) -> 2 | J102: =SUM(Apr!J102,May!J102,Jun!J102) -> 0 | K102: =SUM(I102:J102) -> 2 | L102: =IFERROR(K102/$H102*100,0) -> 3.2258065
A103: 1408102000 | B103: Conner | C103: 621 | D103: =SUM(Apr!D103,May!D103,Jun!D103) -> 37 | E103: =SUM(Apr!E103,May!E103,Jun!E103) -> 50 | F103: =SUM(D103:E103) -> 87 | G103: =IFERROR(F103/$C103*100,0) -> 14.009662 | H103: 229 | I103: =SUM(Apr!I103,May!I103,Jun!I103) -> 6 | J103: =SUM(Apr!J103,May!J103,Jun!J103) -> 8 | K103: =SUM(I103:J103) -> 14 | L103: =IFERROR(K103/$H103*100,0) -> 6.1135371
A104: 1408103000 | B104: Flora | C104: 351 | D104: =SUM(Apr!D104,May!D104,Jun!D104) -> 19 | E104: =SUM(Apr!E104,May!E104,Jun!E104) -> 30 | F104: =SUM(D104:E104) -> 49 | G104: =IFERROR(F104/$C104*100,0) -> 13.960114 | H104: 146 | I104: =SUM(Apr!I104,May!I104,Jun!I104) -> 0 | J104: =SUM(Apr!J104,May!J104,Jun!J104) -> 1 | K104: =SUM(I104:J104) -> 1 | L104: =IFERROR(K104/$H104*100,0) -> 0.68493151
A105: 1408104000 | B105: Kabugao | C105: 291 | D105: =SUM(Apr!D105,May!D105,Jun!D105) -> 30 | E105: =SUM(Apr!E105,May!E105,Jun!E105) -> 21 | F105: =SUM(D105:E105) -> 51 | G105: =IFERROR(F105/$C105*100,0) -> 17.525773 | H105: 39 | I105: =SUM(Apr!I105,May!I105,Jun!I105) -> 1 | J105: =SUM(Apr!J105,May!J105,Jun!J105) -> 1 | K105: =SUM(I105:J105) -> 2 | L105: =IFERROR(K105/$H105*100,0) -> 5.1282051
A106: 1408105000 | B106: Luna | C106: 440 | D106: =SUM(Apr!D106,May!D106,Jun!D106) -> 32 | E106: =SUM(Apr!E106,May!E106,Jun!E106) -> 25 | F106: =SUM(D106:E106) -> 57 | G106: =IFERROR(F106/$C106*100,0) -> 12.954545 | H106: 162 | I106: =SUM(Apr!I106,May!I106,Jun!I106) -> 0 | J106: =SUM(Apr!J106,May!J106,Jun!J106) -> 0 | K106: =SUM(I106:J106) -> 0 | L106: =IFERROR(K106/$H106*100,0) -> 0
A107: 1408106000 | B107: Pudtol | C107: 266 | D107: =SUM(Apr!D107,May!D107,Jun!D107) -> 22 | E107: =SUM(Apr!E107,May!E107,Jun!E107) -> 23 | F107: =SUM(D107:E107) -> 45 | G107: =IFERROR(F107/$C107*100,0) -> 16.917293 | H107: 18 | I107: =SUM(Apr!I107,May!I107,Jun!I107) -> 0 | J107: =SUM(Apr!J107,May!J107,Jun!J107) -> 0 | K107: =SUM(I107:J107) -> 0 | L107: =IFERROR(K107/$H107*100,0) -> 0
A108: 1408107000 | B108: Santa Marcela | C108: 232 | D108: =SUM(Apr!D108,May!D108,Jun!D108) -> 16 | E108: =SUM(Apr!E108,May!E108,Jun!E108) -> 16 | F108: =SUM(D108:E108) -> 32 | G108: =IFERROR(F108/$C108*100,0) -> 13.793103 | H108: 33 | I108: =SUM(Apr!I108,May!I108,Jun!I108) -> 0 | J108: =SUM(Apr!J108,May!J108,Jun!J108) -> 0 | K108: =SUM(I108:J108) -> 0 | L108: =IFERROR(K108/$H108*100,0) -> 0
A109: 1430300000 | B109: City of Baguio | C109: 5847 | D109: =SUM(Apr!D109,May!D109,Jun!D109) -> 400 | E109: =SUM(Apr!E109,May!E109,Jun!E109) -> 387 | F109: =SUM(D109:E109) -> 787 | G109: =IFERROR(F109/$C109*100,0) -> 13.459894 | H109: 2156 | I109: =SUM(Apr!I109,May!I109,Jun!I109) -> 75 | J109: =SUM(Apr!J109,May!J109,Jun!J109) -> 60 | K109: =SUM(I109:J109) -> 135 | L109: =IFERROR(K109/$H109*100,0) -> 6.2615955
A110: 0100000000 | B110: Region 1 | C110: =SUM(C111,C135,C170,C191,C239) -> 104281 | D110: =SUM(D111,D135,D170,D191,D239) -> 9074 | E110: =SUM(E111,E135,E170,E191,E239) -> 8440 | F110: =SUM(D110:E110) -> 17514 | G110: =IFERROR(F110/$C110*100,0) -> 16.795006 | H110: 25963 | I110: =SUM(I111,I135,I170,I191,I239) -> 89 | J110: =SUM(J111,J135,J170,J191,J239) -> 93 | K110: =SUM(I110:J110) -> 182 | L110: =IFERROR(K110/$H110*100,0) -> 0.70099757
A111: 0102800000 | B111: Ilocos Norte | C111: 9590 | D111: =SUM(D112:D134) -> 984 | E111: =SUM(E112:E134) -> 970 | F111: =SUM(D111:E111) -> 1954 | G111: =IFERROR(F111/$C111*100,0) -> 20.375391 | H111: 870 | I111: =SUM(I112:I134) -> 0 | J111: =SUM(J112:J134) -> 0 | K111: =SUM(I111:J111) -> 0 | L111: =IFERROR(K111/$H111*100,0) -> 0
A112: 0102801000 | B112: Adams | C112: 59 | D112: =SUM(Apr!D112,May!D112,Jun!D112) -> 1 | E112: =SUM(Apr!E112,May!E112,Jun!E112) -> 6 | F112: =SUM(D112:E112) -> 7 | G112: =IFERROR(F112/$C112*100,0) -> 11.864407 | H112: 39 | I112: =SUM(Apr!I112,May!I112,Jun!I112) -> 0 | J112: =SUM(Apr!J112,May!J112,Jun!J112) -> 0 | K112: =SUM(I112:J112) -> 0 | L112: =IFERROR(K112/$H112*100,0) -> 0
A113: 0102802000 | B113: Bacarra | C113: 472 | D113: =SUM(Apr!D113,May!D113,Jun!D113) -> 64 | E113: =SUM(Apr!E113,May!E113,Jun!E113) -> 56 | F113: =SUM(D113:E113) -> 120 | G113: =IFERROR(F113/$C113*100,0) -> 25.423729 | H113: 105 | I113: =SUM(Apr!I113,May!I113,Jun!I113) -> 0 | J113: =SUM(Apr!J113,May!J113,Jun!J113) -> 0 | K113: =SUM(I113:J113) -> 0 | L113: =IFERROR(K113/$H113*100,0) -> 0
A114: 0102803000 | B114: Badoc | C114: 467 | D114: =SUM(Apr!D114,May!D114,Jun!D114) -> 45 | E114: =SUM(Apr!E114,May!E114,Jun!E114) -> 29 | F114: =SUM(D114:E114) -> 74 | G114: =IFERROR(F114/$C114*100,0) -> 15.845824 | H114: 86 | I114: =SUM(Apr!I114,May!I114,Jun!I114) -> 0 | J114: =SUM(Apr!J114,May!J114,Jun!J114) -> 0 | K114: =SUM(I114:J114) -> 0 | L114: =IFERROR(K114/$H114*100,0) -> 0
A115: 0102804000 | B115: Bangui | C115: 189 | D115: =SUM(Apr!D115,May!D115,Jun!D115) -> 25 | E115: =SUM(Apr!E115,May!E115,Jun!E115) -> 17 | F115: =SUM(D115:E115) -> 42 | G115: =IFERROR(F115/$C115*100,0) -> 22.222222 | H115: -11 | I115: =SUM(Apr!I115,May!I115,Jun!I115) -> 0 | J115: =SUM(Apr!J115,May!J115,Jun!J115) -> 0 | K115: =SUM(I115:J115) -> 0 | L115: =IFERROR(K115/$H115*100,0) -> 0
...

Sheet Apr
A1: Immunization Services for Infants and Children
A2: Fully Immunized Children & Completely Immunized Children
A3: Philippines, 2025 April
A5: PSGC 10 | B5: Region, Province/City, and Municipality | C5: Projected Population (0-12 months old) (Previous cohort) | D5: FIC | H5: Projected population 0-12 months (previous cohort) minus previous FIC | I5: CIC
D6: Male | E6: Female | F6: Total | G6: % | I6: Male | J6: Female | K6: Total | L6: %
B7: PHILIPPINES | C7: 2392392 | D7: 59848 | E7: 57740 | F7: 117588 | G7: 4.9150808 | H7: 840855 | I7: 6427 | J7: 6211 | K7: 12638 | L7: 1.502994
A8: 1300000000 | B8: NCR | C8: 285798 | D8: 8738 | E8: 8692 | F8: 17430 | G8: 6.0987131 | H8: 60578 | I8: 958 | J8: 1038 | K8: 1996 | L8: 3.2949256
A9: 1380100000 | B9: City of Caloocan | C9: 36488 | D9: 950 | E9: 897 | F9: 1847 | G9: 5.0619382 | H9: 10459 | I9: 12 | J9: 21 | K9: 33 | L9: 0.31551774
A10: 1380200000 | B10: City of Las Piñas | C10: 12284 | D10: 330 | E10: 349 | F10: 679 | G10: 5.5275155 | H10: 2457 | I10: 26 | J10: 27 | K10: 53 | L10: 2.1571022
A11: 1380300000 | B11: City of Makati | C11: 4580 | D11: 190 | E11: 173 | F11: 363 | G11: 7.9257642 | H11: 269 | I11: 3 | J11: 9 | K11: 12 | L11: 4.4609665
A12: 1380400000 | B12: City of Malabon | C12: 8070 | D12: 154 | E12: 151 | F12: 305 | G12: 3.77943 | H12: 1806 | I12: 40 | J12: 36 | K12: 76 | L12: 4.2081949
A13: 1380500000 | B13: City of Mandaluyong | C13: 8672 | D13: 373 | E13: 355 | F13: 728 | G13: 8.3948339 | H13: 318 | I13: 14 | J13: 15 | K13: 29 | L13: 9.1194969
A14: 1380600000 | B14: City of Manila | C14: 37288 | D14: 1077 | E14: 1017 | F14: 2094 | G14: 5.6157477 | H14: 1758 | I14: 219 | J14: 239 | K14: 458 | L14: 26.052332
A15: 1380700000 | B15: City of Marikina | C15: 9135 | D15: 100 | E15: 111 | F15: 211 | G15: 2.3097975 | H15: 5810 | I15: 14 | J15: 20 | K15: 34 | L15: 0.58519793
A16: 1380800000 | B16: City of Muntinlupa | C16: 10788 | D16: 179 | E16: 153 | F16: 332 | G16: 3.0774935 | H16: 4892 | I16: 39 | J16: 42 | K16: 81 | L16: 1.6557645
A17: 1380900000 | B17: City of Navotas | C17: 5718 | D17: 204 | E17: 213 | F17: 417 | G17: 7.2927597 | H17: 276 | I17: 49 | J17: 57 | K17: 106 | L17: 38.405797
A18: 1381000000 | B18: City of Parañaque | C18: 14517 | D18: 302 | E18: 336 | F18: 638 | G18: 4.3948474 | H18: 2053 | I18: 11 | J18: 7 | K18: 18 | L18: 0.87676571
A19: 1381100000 | B19: Pasay City | C19: 7684 | D19: 231 | E19: 191 | F19: 422 | G19: 5.4919313 | H19: 1507 | I19: 46 | J19: 46 | K19: 92 | L19: 6.1048441
A20: 1381200000 | B20: City of Pasig | C20: 19265 | D20: 685 | E20: 699 | F20: 1384 | G20: 7.1840125 | H20: 2803 | I20: 53 | J20: 35 | K20: 88 | L20: 3.1394934
A21: 1381300000 | B21: Quezon City | C21: 64737 | D21: 2358 | E21: 2431 | F21: 4789 | G21: 7.3976242 | H21: -868 | I21: 186 | J21: 190 | K21: 376 | L21: -43.317972
A22: 1381400000 | B22: City of San Juan | C22: 2363 | D22: 47 | E22: 45 | F22: 92 | G22: 3.8933559 | H22: 1266 | I22: 20 | J22: 19 | K22: 39 | L22: 3.0805687
A23: 1381500000 | B23: City of Taguig | C23: 28175 | D23: 786 | E23: 857 | F23: 1643 | G23: 5.8314108 | H23: 17945 | I23: 187 | J23: 236 | K23: 423 | L23: 2.3572026
A24: 1381600000 | B24: City of Valenzuela | C24: 14813 | D24: 727 | E24: 667 | F24: 1394 | G24: 9.4106528 | H24: 7459 | I24: 36 | J24: 33 | K24: 69 | L24: 0.92505698
A25: 1381701000 | B25: Pateros | C25: 1221 | D25: 45 | E25: 47 | F25: 92 | G25: 7.5348075 | H25: 368 | I25: 3 | J25: 6 | K25: 9 | L25: 2.4456522
A26: 1400000000 | B26: CAR | C26: 34199 | D26: 814 | E26: 729 | F26: 1543 | G26: 4.5118278 | H26: 11531 | I26: 68 | J26: 40 | K26: 108 | L26: 0.93660567
A27: 1400100000 | B27: Abra | C27: 3951 | D27: 105 | E27: 118 | F27: 223 | G27: 5.6441407 | H27: 758 | I27: 2 | J27: 6 | K27: 8 | L27: 1.055409
A28: 1400101000 | B28: Bangued | C28: 808 | D28: 31 | E28: 33 | F28: 64 | G28: 7.9207921 | H28: 62 | I28: 0 | J28: 0 | K28: 0 | L28: 0
A29: 1400102000 | B29: Boliney | C29: 79 | D29: 0 | E29: 0 | F29: 0 | G29: 0 | H29: 41 | I29: 0 | J29: 1 | K29: 1 | L29: 2.4390244
A30: 1400103000 | B30: Bucay | C30: 279 | D30: 5 | E30: 15 | F30: 20 | G30: 7.1684588 | H30: 24 | I30: 0 | J30: 0 | K30: 0 | L30: 0
A31: 1400104000 | B31: Bucloc | C31: 30 | D31: 1 | E31: 0 | F31: 1 | G31: 3.3333333 | H31: 17 | I31: 0 | J31: 1 | K31: 1 | L31: 5.8823529
A32: 1400105000 | B32: Daguioman | C32: 34 | D32: 0 | E32: 1 | F32: 1 | G32: 2.9411765 | H32: 9 | I32: 0 | J32: 0 | K32: 0 | L32: 0
A33: 1400106000 | B33: Danglas | C33: 60 | D33: 3 | E33: 2 | F33: 5 | G33: 8.3333333 | H33: 0 | I33: 0 | J33: 0 | K33: 0 | L33: 0
A34: 1400107000 | B34: Dolores | C34: 193 | D34: 4 | E34: 7 | F34: 11 | G34: 5.6994819 | H34: 20 | I34: 0 | J34: 1 | K34: 1 | L34: 5
A35: 1400108000 | B35: La Paz | C35: 268 | D35: 3 | E35: 9 | F35: 12 | G35: 4.4776119 | H35: -2 | I35: 0 | J35: 0 | K35: 0 | L35: 0
A36: 1400109000 | B36: Lacub | C36: 67 | D36: 4 | E36: 2 | F36: 6 | G36: 8.9552239 | H36: 42 | I36: 0 | J36: 2 | K36: 2 | L36: 4.7619048
A37: 1400110000 | B37: Lagangilang | C37: 243 | D37: 5 | E37: 6 | F37: 11 | G37: 4.526749 | H37: 46 | I37: 0 | J37: 0 | K37: 0 | L37: 0
A38: 1400111000 | B38: Lagayan | C38: 64 | D38: 1 | E38: 2 | F38: 3 | G38: 4.6875 | H38: 3 | I38: 0 | J38: 0 | K38: 0 | L38: 0
... A54: 1400127000 | B54: Villaviciosa | C54: 91 | D54: 3 | E54: 2 | F54: 5 | G54: 5.4945055 | H54: 27 | I54: 0 | J54: 0 | K54: 0 | L54: 0
A55: 1401100000 | B55: Benguet | C55: 9666 | D55: 193 | E55: 163 | F55: 356 | G55: 3.6830126 | H55: 4686 | I55: 25 | J55: 13 | K55: 38 | L55: 0.81092616
A56: 1401101000 | B56: Atok | C56: 364 | D56: 6 | E56: 6 | F56: 12 | G56: 3.2967033 | H56: 174 | I56: 1 | J56: 0 | K56: 1 | L56: 0.57471264
A57: 1401103000 | B57: Bakun | C57: 326 | D57: 9 | E57: 7 | F57: 16 | G57: 4.9079755 | H57: 169 | I57: 1 | J57: 1 | K57: 2 | L57: 1.183432
A58: 1401104000 | B58: Bokod | C58: 317 | D58: 11 | E58: 12 | F58: 23 | G58: 7.2555205 | H58: 136 | I58: 0 | J58: 1 | K58: 1 | L58: 0.73529412
A59: 1401105000 | B59: Buguias | C59: 1045 | D59: 19 | E59: 14 | F59: 33 | G59: 3.1578947 | H59: 477 | I59: 0 | J59: 0 | K59: 0 | L59: 0
A60: 1401106000 | B60: Itogon | C60: 1208 | D60: 16 | E60: 9 | F60: 25 | G60: 2.0695364 | H60: 746 | I60: 5 | J60: 5 | K60: 10 | L60: 1.3404826
A61: 1401107000 | B61: Kabayan | C61: 340 | D61: 4 | E61: 5 | F61: 9 | G61: 2.6470588 | H61: 132 | I61: 1 | J61: 0 | K61: 1 | L61: 0.75757576
A62: 1401108000 | B62: Kapangan | C62: 294 | D62: 11 | E62: 5 | F62: 16 | G62: 5.4421769 | H62: 117 | I62: 0 | J62: 1 | K62: 1 | L62: 0.85470085
A63: 1401109000 | B63: Kibungan | C63: 411 | D63: 13 | E63: 9 | F63: 22 | G63: 5.3527981 | H63: 207 | I63: 2 | J63: 0 | K63: 2 | L63: 0.96618357
A64: 1401110000 | B64: La Trinidad | C64: 2934 | D64: 53 | E64: 45 | F64: 98 | G64: 3.34015 | H64: 1465 | I64: 10 | J64: 2 | K64: 12 | L64: 0.81911263
A65: 1401111000 | B65: Mankayan | C65: 936 | D65: 24 | E65: 20 | F65: 44 | G65: 4.7008547 | H65: 427 | I65: 0 | J65: 1 | K65: 1 | L65: 0.23419204
A66: 1401112000 | B66: Sablan | C66: 182 | D66: 4 | E66: 6 | F66: 10 | G66: 5.4945055 | H66: 63 | I66: 0 | J66: 0 | K66: 0 | L66: 0
A67: 1401113000 | B67: Tuba | C67: 911 | D67: 8 | E67: 14 | F67: 22 | G67: 2.4149286 | H67: 532 | I67: 5 | J67: 2 | K67: 7 | L67: 1.3157895
A68: 1401114000 | B68: Tublay | C68: 398 | D68: 15 | E68: 11 | F68: 26 | G68: 6.5326633 | H68: 41 | I68: 0 | J68: 0 | K68: 0 | L68: 0
A69: 1402700000 | B69: Ifugao | C69: 4502 | D69: 106 | E69: 104 | F69: 210 | G69: 4.6645935 | H69: 1516 | I69: 8 | J69: 5 | K69: 13 | L69: 0.85751979
A70: 1402701000 | B70: Banaue | C70: 368 | D70: 7 | E70: 9 | F70: 16 | G70: 4.3478261 | H70: 145 | I70: 4 | J70: 3 | K70: 7 | L70: 4.8275862
A71: 1402702000 | B71: Hungduan | C71: 187 | D71: 2 | E71: 7 | F71: 9 | G71: 4.8128342 | H71: 90 | I71: 1 | J71: 0 | K71: 1 | L71: 1.1111111
A72: 1402703000 | B72: Kiangan | C72: 336 | D72: 15 | E72: 6 | F72: 21 | G72: 6.25 | H72: 102 | I72: 0 | J72: 0 | K72: 0 | L72: 0
A73: 1402704000 | B73: Lagawe | C73: 373 | D73: 11 | E73: 9 | F73: 20 | G73: 5.3619303 | H73: 124 | I73: 0 | J73: 0 | K73: 0 | L73: 0
A74: 1402705000 | B74: Lamut | C74: 531 | D74: 18 | E74: 10 | F74: 28 | G74: 5.2730697 | H74: 152 | I74: 2 | J74: 1 | K74: 3 | L74: 1.9736842
A75: 1402706000 | B75: Mayoyao | C75: 320 | D75: 8 | E75: 3 | F75: 11 | G75: 3.4375 | H75: 178 | I75: 0 | J75: 0 | K75: 0 | L75: 0
A76: 1402707000 | B76: Alfonso Lista | C76: 705 | D76: 12 | E76: 18 | F76: 30 | G76: 4.2553191 | H76: 117 | I76: 0 | J76: 0 | K76: 0 | L76: 0
A77: 1402708000 | B77: Aguinaldo | C77: 556 | D77: 9 | E77: 4 | F77: 13 | G77: 2.3381295 | H77: 193 | I77: 1 | J77: 0 | K77: 1 | L77: 0.51813472
A78: 1402709000 | B78: Hingyon | C78: 174 | D78: 3 | E78: 9 | F78: 12 | G78: 6.8965517 | H78: 68 | I78: 0 | J78: 1 | K78: 1 | L78: 1.4705882
A79: 1402710000 | B79: Tinoc | C79: 484 | D79: 10 | E79: 16 | F79: 26 | G79: 5.3719008 | H79: 132 | I79: 0 | J79: 0 | K79: 0 | L79: 0
A80: 1402711000 | B80: Asipulo | C80: 468 | D80: 11 | E80: 13 | F80: 24 | G80: 5.1282051 | H80: 215 | I80: 0 | J80: 0 | K80: 0 | L80: 0
A81: 1403200000 | B81: Kalinga | C81: 4979 | D81: 159 | E81: 108 | F81: 267 | G81: 5.3625226 | H81: 906 | I81: 0 | J81: 1 | K81: 1 | L81: 0.11037528
A82: 1403201000 | B82: Balbalan | C82: 198 | D82: 2 | E82: 7 | F82: 9 | G82: 4.5454545 | H82: 46 | I82: 0 | J82: 0 | K82: 0 | L82: 0
A83: 1403206000 | B83: Lubuagan | C83: 181 | D83: 0 | E83: 0 | F83: 0 | G83: 0 | H83: 51 | I83: 0 | J83: 0 | K83: 0 | L83: 0
A84: 1403208000 | B84: Pasil | C84: 207 | D84: 1 | E84: 5 | F84: 6 | G84: 2.8985507 | H84: 86 | I84: 0 | J84: 0 | K84: 0 | L84: 0
A85: 1403209000 | B85: Pinukpuk | C85: 739 | D85: 24 | E85: 14 | F85: 38 | G85: 5.1420839 | H85: 351 | I85: 0 | J85: 0 | K85: 0 | L85: 0
A86: 1403211000 | B86: Rizal | C86: 419 | D86: 14 | E86: 4 | F86: 18 | G86: 4.2959427 | H86: 121 | I86: 0 | J86: 0 | K86: 0 | L86: 0
A87: 1403213000 | B87: City of Tabuk | C87: 2809 | D87: 105 | E87: 68 | F87: 173 | G87: 6.1587754 | H87: 106 | I87: 0 | J87: 0 | K87: 0 | L87: 0
A88: 1403214000 | B88: Tanudan | C88: 151 | D88: 7 | E88: 4 | F88: 11 | G88: 7.2847682 | H88: 23 | I88: 0 | J88: 1 | K88: 1 | L88: 4.3478261
A89: 1403215000 | B89: Tinglayan | C89: 275 | D89: 6 | E89: 6 | F89: 12 | G89: 4.3636364 | H89: 122 | I89: 0 | J89: 0 | K89: 0 | L89: 0
A90: 1404400000 | B90: Mountain Province | C90: 2838 | D90: 65 | E90: 72 | F90: 137 | G90: 4.8273432 | H90: 820 | I90: 1 | J90: 0 | K90: 1 | L90: 0.12195122
A91: 1404401000 | B91: Barlig | C91: 81 | D91: 2 | E91: 5 | F91: 7 | G91: 8.6419753 | H91: 33 | I91: 1 | J91: 0 | K91: 1 | L91: 3.030303
A92: 1404402000 | B92: Bauko | C92: 605 | D92: 21 | E92: 18 | F92: 39 | G92: 6.446281 | H92: 78 | I92: 0 | J92: 0 | K92: 0 | L92: 0
A93: 1404403000 | B93: Besao | C93: 124 | D93: 2 | E93: 8 | F93: 10 | G93: 8.0645161 | H93: 50 | I93: 0 | J93: 0 | K93: 0 | L93: 0
A94: 1404404000 | B94: Bontoc | C94: 405 | D94: 10 | E94: 9 | F94: 19 | G94: 4.691358 | H94: 109 | I94: 0 | J94: 0 | K94: 0 | L94: 0
A95: 1404405000 | B95: Natonin | C95: 183 | D95: 8 | E95: 9 | F95: 17 | G95: 9.2896175 | H95: 47 | I95: 0 | J95: 0 | K95: 0 | L95: 0
A96: 1404406000 | B96: Paracelis | C96: 712 | D96: 5 | E96: 10 | F96: 15 | G96: 2.1067416 | H96: 298 | I96: 0 | J96: 0 | K96: 0 | L96: 0
A97: 1404407000 | B97: Sabangan | C97: 160 | D97: 2 | E97: 3 | F97: 5 | G97: 3.125 | H97: 66 | I97: 0 | J97: 0 | K97: 0 | L97: 0
A98: 1404408000 | B98: Sadanga | C98: 125 | D98: 1 | E98: 0 | F98: 1 | G98: 0.8 | H98: 2 | I98: 0 | J98: 0 | K98: 0 | L98: 0
A99: 1404409000 | B99: Sagada | C99: 168 | D99: 5 | E99: 4 | F99: 9 | G99: 5.3571429 | H99: 64 | I99: 0 | J99: 0 | K99: 0 | L99: 0
A100: 1404410000 | B100: Tadian | C100: 275 | D100: 9 | E100: 6 | F100: 15 | G100: 5.4545455 | H100: 73 | I100: 0 | J100: 0 | K100: 0 | L100: 0
A101: 1408100000 | B101: Apayao | C101: 2416 | D101: 51 | E101: 50 | F101: 101 | G101: 4.1804636 | H101: 689 | I101: 4 | J101: 1 | K101: 5 | L101: 0.7256894
A102: 1408101000 | B102: Calanasan | C102: 215 | D102: 2 | E102: 4 | F102: 6 | G102: 2.7906977 | H102: 62 | I102: 0 | J102: 0 | K102: 0 | L102: 0
A103: 1408102000 | B103: Conner | C103: 621 | D103: 15 | E103: 19 | F103: 34 | G103: 5.4750403 | H103: 229 | I103: 4 | J103: 1 | K103: 5 | L103: 2.1834061
A104: 1408103000 | B104: Flora | C104: 351 | D104: 4 | E104: 9 | F104: 13 | G104: 3.7037037 | H104: 146 | I104: 0 | J104: 0 | K104: 0 | L104: 0
A105: 1408104000 | B105: Kabugao | C105: 291 | D105: 9 | E105: 4 | F105: 13 | G105: 4.467354 | H105: 39 | I105: 0 | J105: 0 | K105: 0 | L105: 0
A106: 1408105000 | B106: Luna | C106: 440 | D106: 9 | E106: 5 | F106: 14 | G106: 3.1818182 | H106: 162 | I106: 0 | J106: 0 | K106: 0 | L106: 0
A107: 1408106000 | B107: Pudtol | C107: 266 | D107: 7 | E107: 5 | F107: 12 | G107: 4.5112782 | H107: 18 | I107: 0 | J107: 0 | K107: 0 | L107: 0
A108: 1408107000 | B108: Santa Marcela | C108: 232 | D108: 5 | E108: 4 | F108: 9 | G108: 3.8793103 | H108: 33 | I108: 0 | J108: 0 | K108: 0 | L108: 0
A109: 1430300000 | B109: City of Baguio | C109: 5847 | D109: 135 | E109: 114 | F109: 249 | G109: 4.2585942 | H109: 2156 | I109: 28 | J109: 14 | K109: 42 | L109: 1.9480519
A110: 0100000000 | B110: Region 1 | C110: 104281 | D110: 2917 | E110: 2794 | F110: 5711 | G110: 5.4765489 | H110: 25963 | I110: 34 | J110: 26 | K110: 60 | L110: 0.2310981
A111: 0102800000 | B111: Ilocos Norte | C111: 9590 | D111: 349 | E111: 323 | F111: 672 | G111: 7.0072993 | H111: 870 | I111: 0 | J111: 0 | K111: 0 | L111: 0
A112: 0102801000 | B112: Adams | C112: 59 | D112: 0 | E112: 1 | F112: 1 | G112: 1.6949153 | H112: 39 | I112: 0 | J112: 0 | K112: 0 | L112: 0
A113: 0102802000 | B113: Bacarra | C113: 472 | D113: 24 | E113: 22 | F113: 46 | G113: 9.7457627 | H113: 105 | I113: 0 | J113: 0 | K113: 0 | L113: 0
A114: 0102803000 | B114: Badoc | C114: 467 | D114: 19 | E114: 8 | F114: 27 | G114: 5.7815846 | H114: 86 | I114: 0 | J114: 0 | K114: 0 | L114: 0
A115: 0102804000 | B115: Bangui | C115: 189 | D115: 7 | E115: 9 | F115: 16 | G115: 8.4656085 | H115: -11 | I115: 0 | J115: 0 | K115: 0 | L115: 0
A116: 0102805000 | B116: City of Batac | C116: 874 | D116: 27 | E116: 21 | F116: 48 | G116: 5.4919908 | H116: 98 | I116: 0 | J116: 0 | K116: 0 | L116: 0
...

Sheet May
A1: Immunization Services for Infants and Children
A2: Fully Immunized Children & Completely Immunized Children
A3: Philippines, 2025 May
A5: PSGC 10 | B5: Region, Province/City, and Municipality | C5: Projected Population (0-12 months old) (Previous cohort) | D5: FIC | H5: Projected population 0-12 months (previous cohort) minus previous FIC | I5: CIC
D6: Male | E6: Female | F6: Total | G6: % | I6: Male | J6: Female | K6: Total | L6: %
B7: PHILIPPINES | C7: 2392392 | D7: 63631 | E7: 61462 | F7: 125093 | G7: 5.2287836 | H7: 840855 | I7: 6264 | J7: 5762 | K7: 12026 | L7: 1.4302109
A8: 1300000000 | B8: NCR | C8: 285798 | D8: 10000 | E8: 9809 | F8: 19809 | G8: 6.9311192 | H8: 60578 | I8: 697 | J8: 668 | K8: 1365 | L8: 2.2532933
A9: 1380100000 | B9: City of Caloocan | C9: 36488 | D9: 1146 | E9: 1082 | F9: 2228 | G9: 6.1061171 | H9: 10459 | I9: 16 | J9: 13 | K9: 29 | L9: 0.27727316
A10: 1380200000 | B10: City of Las Piñas | C10: 12284 | D10: 342 | E10: 347 | F10: 689 | G10: 5.6089222 | H10: 2457 | I10: 22 | J10: 31 | K10: 53 | L10: 2.1571022
A11: 1380300000 | B11: City of Makati | C11: 4580 | D11: 186 | E11: 192 | F11: 378 | G11: 8.2532751 | H11: 269 | I11: 5 | J11: 4 | K11: 9 | L11: 3.3457249
A12: 1380400000 | B12: City of Malabon | C12: 8070 | D12: 195 | E12: 146 | F12: 341 | G12: 4.2255266 | H12: 1806 | I12: 7 | J12: 14 | K12: 21 | L12: 1.1627907
A13: 1380500000 | B13: City of Mandaluyong | C13: 8672 | D13: 360 | E13: 369 | F13: 729 | G13: 8.4063653 | H13: 318 | I13: 8 | J13: 15 | K13: 23 | L13: 7.2327044
A14: 1380600000 | B14: City of Manila | C14: 37288 | D14: 1442 | E14: 1414 | F14: 2856 | G14: 7.6593006 | H14: 1758 | I14: 69 | J14: 54 | K14: 123 | L14: 6.996587
A15: 1380700000 | B15: City of Marikina | C15: 9135 | D15: 100 | E15: 115 | F15: 215 | G15: 2.3535851 | H15: 5810 | I15: 23 | J15: 18 | K15: 41 | L15: 0.70567986
A16: 1380800000 | B16: City of Muntinlupa | C16: 10788 | D16: 216 | E16: 209 | F16: 425 | G16: 3.9395625 | H16: 4892 | I16: 41 | J16: 37 | K16: 78 | L16: 1.5944399
A17: 1380900000 | B17: City of Navotas | C17: 5718 | D17: 186 | E17: 192 | F17: 378 | G17: 6.610703 | H17: 276 | I17: 9 | J17: 10 | K17: 19 | L17: 6.884058
A18: 1381000000 | B18: City of Parañaque | C18: 14517 | D18: 393 | E18: 408 | F18: 801 | G18: 5.5176689 | H18: 2053 | I18: 23 | J18: 20 | K18: 43 | L18: 2.0944959
A19: 1381100000 | B19: Pasay City | C19: 7684 | D19: 222 | E19: 238 | F19: 460 | G19: 5.9864654 | H19: 1507 | I19: 12 | J19: 15 | K19: 27 | L19: 1.791639
A20: 1381200000 | B20: City of Pasig | C20: 19265 | D20: 706 | E20: 755 | F20: 1461 | G20: 7.583701 | H20: 2803 | I20: 109 | J20: 89 | K20: 198 | L20: 7.0638601
A21: 1381300000 | B21: Quezon City | C21: 64737 | D21: 2554 | E21: 2518 | F21: 5072 | G21: 7.8347776 | H21: -868 | I21: 161 | J21: 157 | K21: 318 | L21: -36.635945
A22: 1381400000 | B22: City of San Juan | C22: 2363 | D22: 26 | E22: 29 | F22: 55 | G22: 2.3275497 | H22: 1266 | I22: 4 | J22: 8 | K22: 12 | L22: 0.9478673
A23: 1381500000 | B23: City of Taguig | C23: 28175 | D23: 1382 | E23: 1333 | F23: 2715 | G23: 9.6362023 | H23: 17945 | I23: 172 | J23: 161 | K23: 333 | L23: 1.8556701
A24: 1381600000 | B24: City of Valenzuela | C24: 14813 | D24: 502 | E24: 429 | F24: 931 | G24: 6.2850199 | H24: 7459 | I24: 12 | J24: 12 | K24: 24 | L24: 0.32175895
A25: 1381701000 | B25: Pateros | C25: 1221 | D25: 42 | E25: 33 | F25: 75 | G25: 6.1425061 | H25: 368 | I25: 4 | J25: 10 | K25: 14 | L25: 3.8043478
A26: 1400000000 | B26: CAR | C26: 34199 | D26: 797 | E26: 845 | F26: 1642 | G26: 4.80131 | H26: 11531 | I26: 60 | J26: 60 | K26: 120 | L26: 1.040673
A27: 1400100000 | B27: Abra | C27: 3951 | D27: 107 | E27: 105 | F27: 212 | G27: 5.3657302 | H27: 758 | I27: 0 | J27: 1 | K27: 1 | L27: 0.13192612
A28: 1400101000 | B28: Bangued | C28: 808 | D28: 25 | E28: 32 | F28: 57 | G28: 7.0544554 | H28: 62 | I28: 0 | J28: 0 | K28: 0 | L28: 0
A29: 1400102000 | B29: Boliney | C29: 79 | D29: 2 | E29: 0 | F29: 2 | G29: 2.5316456 | H29: 41 | I29: 0 | J29: 0 | K29: 0 | L29: 0
A30: 1400103000 | B30: Bucay | C30: 279 | D30: 10 | E30: 7 | F30: 17 | G30: 6.09319 | H30: 24 | I30: 0 | J30: 0 | K30: 0 | L30: 0
A31: 1400104000 | B31: Bucloc | C31: 30 | D31: 2 | E31: 2 | F31: 4 | G31: 13.333333 | H31: 17 | I31: 0 | J31: 0 | K31: 0 | L31: 0
A32: 1400105000 | B32: Daguioman | C32: 34 | D32: 2 | E32: 3 | F32: 5 | G32: 14.705882 | H32: 9 | I32: 0 | J32: 0 | K32: 0 | L32: 0
A33: 1400106000 | B33: Danglas | C33: 60 | D33: 1 | E33: 4 | F33: 5 | G33: 8.3333333 | H33: 0 | I33: 0 | J33: 0 | K33: 0 | L33: 0
A34: 1400107000 | B34: Dolores | C34: 193 | D34: 3 | E34: 2 | F34: 5 | G34: 2.5906736 | H34: 20 | I34: 0 | J34: 0 | K34: 0 | L34: 0
A35: 1400108000 | B35: La Paz | C35: 268 | D35: 3 | E35: 6 | F35: 9 | G35: 3.358209 | H35: -2 | I35: 0 | J35: 0 | K35: 0 | L35: 0
A36: 1400109000 | B36: Lacub | C36: 67 | D36: 0 | E36: 2 | F36: 2 | G36: 2.9850746 | H36: 42 | I36: 0 | J36: 0 | K36: 0 | L36: 0
A37: 1400110000 | B37: Lagangilang | C37: 243 | D37: 6 | E37: 3 | F37: 9 | G37: 3.7037037 | H37: 46 | I37: 0 | J37: 0 | K37: 0 | L37: 0
A38: 1400111000 | B38: Lagayan | C38: 64 | D38: 1 | E38: 2 | F38: 3 | G38: 4.6875 | H38: 3 | I38: 0 | J38: 0 | K38: 0 | L38: 0
... A54: 1400127000 | B54: Villaviciosa | C54: 91 | D54: 4 | E54: 3 | F54: 7 | G54: 7.6923077 | H54: 27 | I54: 0 | J54: 0 | K54: 0 | L54: 0
A55: 1401100000 | B55: Benguet | C55: 9666 | D55: 200 | E55: 188 | F55: 388 | G55: 4.0140699 | H55: 4686 | I55: 26 | J55: 23 | K55: 49 | L55: 1.0456679
A56: 1401101000 | B56: Atok | C56: 364 | D56: 8 | E56: 9 | F56: 17 | G56: 4.6703297 | H56: 174 | I56: 0 | J56: 0 | K56: 0 | L56: 0
A57: 1401103000 | B57: Bakun | C57: 326 | D57: 7 | E57: 8 | F57: 15 | G57: 4.601227 | H57: 169 | I57: 0 | J57: 0 | K57: 0 | L57: 0
A58: 1401104000 | B58: Bokod | C58: 317 | D58: 10 | E58: 8 | F58: 18 | G58: 5.6782334 | H58: 136 | I58: 0 | J58: 0 | K58: 0 | L58: 0
A59: 1401105000 | B59: Buguias | C59: 1045 | D59: 24 | E59: 21 | F59: 45 | G59: 4.3062201 | H59: 477 | I59: 2 | J59: 3 | K59: 5 | L59: 1.048218
A60: 1401106000 | B60: Itogon | C60: 1208 | D60: 16 | E60: 14 | F60: 30 | G60: 2.4834437 | H60: 746 | I60: 6 | J60: 2 | K60: 8 | L60: 1.0723861
A61: 1401107000 | B61: Kabayan | C61: 340 | D61: 3 | E61: 10 | F61: 13 | G61: 3.8235294 | H61: 132 | I61: 0 | J61: 1 | K61: 1 | L61: 0.75757576
A62: 1401108000 | B62: Kapangan | C62: 294 | D62: 8 | E62: 6 | F62: 14 | G62: 4.7619048 | H62: 117 | I62: 1 | J62: 0 | K62: 1 | L62: 0.85470085
A63: 1401109000 | B63: Kibungan | C63: 411 | D63: 9 | E63: 11 | F63: 20 | G63: 4.86618 | H63: 207 | I63: 0 | J63: 0 | K63: 0 | L63: 0
A64: 1401110000 | B64: La Trinidad | C64: 2934 | D64: 48 | E64: 43 | F64: 91 | G64: 3.1015678 | H64: 1465 | I64: 16 | J64: 16 | K64: 32 | L64: 2.1843003
A65: 1401111000 | B65: Mankayan | C65: 936 | D65: 19 | E65: 19 | F65: 38 | G65: 4.0598291 | H65: 427 | I65: 0 | J65: 0 | K65: 0 | L65: 0
A66: 1401112000 | B66: Sablan | C66: 182 | D66: 6 | E66: 3 | F66: 9 | G66: 4.9450549 | H66: 63 | I66: 0 | J66: 0 | K66: 0 | L66: 0
A67: 1401113000 | B67: Tuba | C67: 911 | D67: 21 | E67: 17 | F67: 38 | G67: 4.1712404 | H67: 532 | I67: 1 | J67: 1 | K67: 2 | L67: 0.37593985
A68: 1401114000 | B68: Tublay | C68: 398 | D68: 21 | E68: 19 | F68: 40 | G68: 10.050251 | H68: 41 | I68: 0 | J68: 0 | K68: 0 | L68: 0
A69: 1402700000 | B69: Ifugao | C69: 4502 | D69: 94 | E69: 104 | F69: 198 | G69: 4.3980453 | H69: 1516 | I69: 10 | J69: 7 | K69: 17 | L69: 1.121372
A70: 1402701000 | B70: Banaue | C70: 368 | D70: 7 | E70: 4 | F70: 11 | G70: 2.9891304 | H70: 145 | I70: 4 | J70: 3 | K70: 7 | L70: 4.8275862
A71: 1402702000 | B71: Hungduan | C71: 187 | D71: 3 | E71: 3 | F71: 6 | G71: 3.2085561 | H71: 90 | I71: 0 | J71: 0 | K71: 0 | L71: 0
A72: 1402703000 | B72: Kiangan | C72: 336 | D72: 16 | E72: 9 | F72: 25 | G72: 7.4404762 | H72: 102 | I72: 0 | J72: 1 | K72: 1 | L72: 0.98039216
A73: 1402704000 | B73: Lagawe | C73: 373 | D73: 8 | E73: 10 | F73: 18 | G73: 4.8257373 | H73: 124 | I73: 2 | J73: 1 | K73: 3 | L73: 2.4193548
A74: 1402705000 | B74: Lamut | C74: 531 | D74: 17 | E74: 16 | F74: 33 | G74: 6.2146893 | H74: 152 | I74: 1 | J74: 2 | K74: 3 | L74: 1.9736842
A75: 1402706000 | B75: Mayoyao | C75: 320 | D75: 2 | E75: 4 | F75: 6 | G75: 1.875 | H75: 178 | I75: 0 | J75: 0 | K75: 0 | L75: 0
A76: 1402707000 | B76: Alfonso Lista | C76: 705 | D76: 18 | E76: 20 | F76: 38 | G76: 5.3900709 | H76: 117 | I76: 0 | J76: 0 | K76: 0 | L76: 0
A77: 1402708000 | B77: Aguinaldo | C77: 556 | D77: 5 | E77: 8 | F77: 13 | G77: 2.3381295 | H77: 193 | I77: 1 | J77: 0 | K77: 1 | L77: 0.51813472
A78: 1402709000 | B78: Hingyon | C78: 174 | D78: 3 | E78: 5 | F78: 8 | G78: 4.5977011 | H78: 68 | I78: 0 | J78: 0 | K78: 0 | L78: 0
A79: 1402710000 | B79: Tinoc | C79: 484 | D79: 10 | E79: 8 | F79: 18 | G79: 3.7190083 | H79: 132 | I79: 2 | J79: 0 | K79: 2 | L79: 1.5151515
A80: 1402711000 | B80: Asipulo | C80: 468 | D80: 5 | E80: 17 | F80: 22 | G80: 4.7008547 | H80: 215 | I80: 0 | J80: 0 | K80: 0 | L80: 0
A81: 1403200000 | B81: Kalinga | C81: 4979 | D81: 145 | E81: 166 | F81: 311 | G81: 6.2462342 | H81: 906 | I81: 0 | J81: 0 | K81: 0 | L81: 0
A82: 1403201000 | B82: Balbalan | C82: 198 | D82: 3 | E82: 9 | F82: 12 | G82: 6.0606061 | H82: 46 | I82: 0 | J82: 0 | K82: 0 | L82: 0
A83: 1403206000 | B83: Lubuagan | C83: 181 | D83: 4 | E83: 5 | F83: 9 | G83: 4.9723757 | H83: 51 | I83: 0 | J83: 0 | K83: 0 | L83: 0
A84: 1403208000 | B84: Pasil | C84: 207 | D84: 10 | E84: 3 | F84: 13 | G84: 6.2801932 | H84: 86 | I84: 0 | J84: 0 | K84: 0 | L84: 0
A85: 1403209000 | B85: Pinukpuk | C85: 739 | D85: 18 | E85: 25 | F85: 43 | G85: 5.8186739 | H85: 351 | I85: 0 | J85: 0 | K85: 0 | L85: 0
A86: 1403211000 | B86: Rizal | C86: 419 | D86: 8 | E86: 8 | F86: 16 | G86: 3.8186158 | H86: 121 | I86: 0 | J86: 0 | K86: 0 | L86: 0
A87: 1403213000 | B87: City of Tabuk | C87: 2809 | D87: 91 | E87: 99 | F87: 190 | G87: 6.7639729 | H87: 106 | I87: 0 | J87: 0 | K87: 0 | L87: 0
A88: 1403214000 | B88: Tanudan | C88: 151 | D88: 2 | E88: 6 | F88: 8 | G88: 5.2980132 | H88: 23 | I88: 0 | J88: 0 | K88: 0 | L88: 0
A89: 1403215000 | B89: Tinglayan | C89: 275 | D89: 9 | E89: 11 | F89: 20 | G89: 7.2727273 | H89: 122 | I89: 0 | J89: 0 | K89: 0 | L89: 0
A90: 1404400000 | B90: Mountain Province | C90: 2838 | D90: 83 | E90: 98 | F90: 181 | G90: 6.3777308 | H90: 820 | I90: 1 | J90: 1 | K90: 2 | L90: 0.24390244
A91: 1404401000 | B91: Barlig | C91: 81 | D91: 3 | E91: 0 | F91: 3 | G91: 3.7037037 | H91: 33 | I91: 0 | J91: 0 | K91: 0 | L91: 0
A92: 1404402000 | B92: Bauko | C92: 605 | D92: 19 | E92: 31 | F92: 50 | G92: 8.2644628 | H92: 78 | I92: 0 | J92: 0 | K92: 0 | L92: 0
A93: 1404403000 | B93: Besao | C93: 124 | D93: 1 | E93: 2 | F93: 3 | G93: 2.4193548 | H93: 50 | I93: 0 | J93: 0 | K93: 0 | L93: 0
A94: 1404404000 | B94: Bontoc | C94: 405 | D94: 14 | E94: 8 | F94: 22 | G94: 5.4320988 | H94: 109 | I94: 0 | J94: 0 | K94: 0 | L94: 0
A95: 1404405000 | B95: Natonin | C95: 183 | D95: 6 | E95: 4 | F95: 10 | G95: 5.4644809 | H95: 47 | I95: 0 | J95: 0 | K95: 0 | L95: 0
A96: 1404406000 | B96: Paracelis | C96: 712 | D96: 16 | E96: 31 | F96: 47 | G96: 6.6011236 | H96: 298 | I96: 0 | J96: 0 | K96: 0 | L96: 0
A97: 1404407000 | B97: Sabangan | C97: 160 | D97: 7 | E97: 4 | F97: 11 | G97: 6.875 | H97: 66 | I97: 0 | J97: 0 | K97: 0 | L97: 0
A98: 1404408000 | B98: Sadanga | C98: 125 | D98: 5 | E98: 4 | F98: 9 | G98: 7.2 | H98: 2 | I98: 0 | J98: 0 | K98: 0 | L98: 0
A99: 1404409000 | B99: Sagada | C99: 168 | D99: 3 | E99: 5 | F99: 8 | G99: 4.7619048 | H99: 64 | I99: 1 | J99: 1 | K99: 2 | L99: 3.125
A100: 1404410000 | B100: Tadian | C100: 275 | D100: 9 | E100: 9 | F100: 18 | G100: 6.5454545 | H100: 73 | I100: 0 | J100: 0 | K100: 0 | L100: 0
A101: 1408100000 | B101: Apayao | C101: 2416 | D101: 53 | E101: 54 | F101: 107 | G101: 4.4288079 | H101: 689 | I101: 3 | J101: 4 | K101: 7 | L101: 1.0159652
A102: 1408101000 | B102: Calanasan | C102: 215 | D102: 10 | E102: 2 | F102: 12 | G102: 5.5813953 | H102: 62 | I102: 1 | J102: 0 | K102: 1 | L102: 1.6129032
A103: 1408102000 | B103: Conner | C103: 621 | D103: 4 | E103: 14 | F103: 18 | G103: 2.8985507 | H103: 229 | I103: 1 | J103: 2 | K103: 3 | L103: 1.3100437
A104: 1408103000 | B104: Flora | C104: 351 | D104: 8 | E104: 6 | F104: 14 | G104: 3.988604 | H104: 146 | I104: 0 | J104: 1 | K104: 1 | L104: 0.68493151
A105: 1408104000 | B105: Kabugao | C105: 291 | D105: 10 | E105: 12 | F105: 22 | G105: 7.5601375 | H105: 39 | I105: 1 | J105: 1 | K105: 2 | L105: 5.1282051
A106: 1408105000 | B106: Luna | C106: 440 | D106: 11 | E106: 8 | F106: 19 | G106: 4.3181818 | H106: 162 | I106: 0 | J106: 0 | K106: 0 | L106: 0
A107: 1408106000 | B107: Pudtol | C107: 266 | D107: 5 | E107: 7 | F107: 12 | G107: 4.5112782 | H107: 18 | I107: 0 | J107: 0 | K107: 0 | L107: 0
A108: 1408107000 | B108: Santa Marcela | C108: 232 | D108: 5 | E108: 5 | F108: 10 | G108: 4.3103448 | H108: 33 | I108: 0 | J108: 0 | K108: 0 | L108: 0
A109: 1430300000 | B109: City of Baguio | C109: 5847 | D109: 115 | E109: 130 | F109: 245 | G109: 4.190183 | H109: 2156 | I109: 20 | J109: 24 | K109: 44 | L109: 2.0408163
A110: 0100000000 | B110: Region 1 | C110: 104281 | D110: 3073 | E110: 2814 | F110: 5887 | G110: 5.6453237 | H110: 25963 | I110: 26 | J110: 37 | K110: 63 | L110: 0.24265301
A111: 0102800000 | B111: Ilocos Norte | C111: 9590 | D111: 308 | E111: 308 | F111: 616 | G111: 6.4233577 | H111: 870 | I111: 0 | J111: 0 | K111: 0 | L111: 0
A112: 0102801000 | B112: Adams | C112: 59 | D112: 1 | E112: 3 | F112: 4 | G112: 6.779661 | H112: 39 | I112: 0 | J112: 0 | K112: 0 | L112: 0
A113: 0102802000 | B113: Bacarra | C113: 472 | D113: 23 | E113: 22 | F113: 45 | G113: 9.5338983 | H113: 105 | I113: 0 | J113: 0 | K113: 0 | L113: 0
A114: 0102803000 | B114: Badoc | C114: 467 | D114: 17 | E114: 8 | F114: 25 | G114: 5.3533191 | H114: 86 | I114: 0 | J114: 0 | K114: 0 | L114: 0
A115: 0102804000 | B115: Bangui | C115: 189 | D115: 6 | E115: 5 | F115: 11 | G115: 5.8201058 | H115: -11 | I115: 0 | J115: 0 | K115: 0 | L115: 0
A116: 0102805000 | B116: City of Batac | C116: 874 | D116: 18 | E116: 17 | F116: 35 | G116: 4.0045767 | H116: 98 | I116: 0 | J116: 0 | K116: 0 | L116: 0
...

Sheet Jun
A1: Immunization Services for Infants and Children
A2: Fully Immunized Children & Completely Immunized Children
A3: Philippines, 2025 June
A5: PSGC 10 | B5: Region, Province/City, and Municipality | C5: Projected Population (0-12 months old) (Previous cohort) | D5: FIC | H5: Projected population 0-12 months (previous cohort) minus previous FIC | I5: CIC
D6: Male | E6: Female | F6: Total | G6: % | I6: Male | J6: Female | K6: Total | L6: %
B7: PHILIPPINES | C7: 2392392 | D7: 63769 | E7: 61499 | F7: 125268 | G7: 5.2360984 | H7: 840855 | I7: 5446 | J7: 5014 | K7: 10460 | L7: 1.2439719
A8: 1300000000 | B8: NCR | C8: 285798 | D8: 9829 | E8: 9732 | F8: 19561 | G8: 6.8443446 | H8: 60578 | I8: 535 | J8: 509 | K8: 1044 | L8: 1.7233979
A9: 1380100000 | B9: City of Caloocan | C9: 36488 | D9: 1179 | E9: 1185 | F9: 2364 | G9: 6.4788424 | H9: 10459 | I9: 61 | J9: 47 | K9: 108 | L9: 1.0326035
A10: 1380200000 | B10: City of Las Piñas | C10: 12284 | D10: 342 | E10: 379 | F10: 721 | G10: 5.8694236 | H10: 2457 | I10: 17 | J10: 19 | K10: 36 | L10: 1.4652015
A11: 1380300000 | B11: City of Makati | C11: 4580 | D11: 197 | E11: 151 | F11: 348 | G11: 7.5982533 | H11: 269 | I11: 8 | J11: 0 | K11: 8 | L11: 2.9739777
A12: 1380400000 | B12: City of Malabon | C12: 8070 | D12: 189 | E12: 160 | F12: 349 | G12: 4.3246592 | H12: 1806 | I12: 19 | J12: 20 | K12: 39 | L12: 2.1594684
A13: 1380500000 | B13: City of Mandaluyong | C13: 8672 | D13: 360 | E13: 363 | F13: 723 | G13: 8.3371771 | H13: 318 | I13: 11 | J13: 12 | K13: 23 | L13: 7.2327044
A14: 1380600000 | B14: City of Manila | C14: 37288 | D14: 1378 | E14: 1291 | F14: 2669 | G14: 7.1577988 | H14: 1758 | I14: 62 | J14: 58 | K14: 120 | L14: 6.8259386
A15: 1380700000 | B15: City of Marikina | C15: 9135 | D15: 138 | E15: 129 | F15: 267 | G15: 2.9228243 | H15: 5810 | I15: 15 | J15: 16 | K15: 31 | L15: 0.53356282
A16: 1380800000 | B16: City of Muntinlupa | C16: 10788 | D16: 203 | E16: 187 | F16: 390 | G16: 3.6151279 | H16: 4892 | I16: 36 | J16: 38 | K16: 74 | L16: 1.5126738
A17: 1380900000 | B17: City of Navotas | C17: 5718 | D17: 176 | E17: 204 | F17: 380 | G17: 6.6456803 | H17: 276 | I17: 3 | J17: 2 | K17: 5 | L17: 1.8115942
A18: 1381000000 | B18: City of Parañaque | C18: 14517 | D18: 319 | E18: 300 | F18: 619 | G18: 4.2639664 | H18: 2053 | I18: 13 | J18: 18 | K18: 31 | L18: 1.5099854
A19: 1381100000 | B19: Pasay City | C19: 7684 | D19: 241 | E19: 225 | F19: 466 | G19: 6.0645497 | H19: 1507 | I19: 15 | J19: 10 | K19: 25 | L19: 1.658925
A20: 1381200000 | B20: City of Pasig | C20: 19265 | D20: 604 | E20: 590 | F20: 1194 | G20: 6.197768 | H20: 2803 | I20: 7 | J20: 15 | K20: 22 | L20: 0.78487335
A21: 1381300000 | B21: Quezon City | C21: 64737 | D21: 2563 | E21: 2664 | F21: 5227 | G21: 8.0742079 | H21: -868 | I21: 149 | J21: 144 | K21: 293 | L21: -33.75576
A22: 1381400000 | B22: City of San Juan | C22: 2363 | D22: 51 | E22: 32 | F22: 83 | G22: 3.5124841 | H22: 1266 | I22: 4 | J22: 6 | K22: 10 | L22: 0.78988942
A23: 1381500000 | B23: City of Taguig | C23: 28175 | D23: 1401 | E23: 1396 | F23: 2797 | G23: 9.9272405 | H23: 17945 | I23: 96 | J23: 90 | K23: 186 | L23: 1.0365004
A24: 1381600000 | B24: City of Valenzuela | C24: 14813 | D24: 460 | E24: 459 | F24: 919 | G24: 6.20401 | H24: 7459 | I24: 15 | J24: 13 | K24: 28 | L24: 0.37538544
A25: 1381701000 | B25: Pateros | C25: 1221 | D25: 28 | E25: 17 | F25: 45 | G25: 3.6855037 | H25: 368 | I25: 4 | J25: 1 | K25: 5 | L25: 1.3586957
A26: 1400000000 | B26: CAR | C26: 34199 | D26: 896 | E26: 833 | F26: 1729 | G26: 5.0557034 | H26: 11531 | I26: 62 | J26: 57 | K26: 119 | L26: 1.0320007
A27: 1400100000 | B27: Abra | C27: 3951 | D27: 130 | E27: 127 | F27: 257 | G27: 6.5046824 | H27: 758 | I27: 1 | J27: 3 | K27: 4 | L27: 0.52770449
A28: 1400101000 | B28: Bangued | C28: 808 | D28: 40 | E28: 33 | F28: 73 | G28: 9.0346535 | H28: 62 | I28: 0 | J28: 0 | K28: 0 | L28: 0
A29: 1400102000 | B29: Boliney | C29: 79 | D29: 2 | E29: 1 | F29: 3 | G29: 3.7974684 | H29: 41 | I29: 0 | J29: 1 | K29: 1 | L29: 2.4390244
A30: 1400103000 | B30: Bucay | C30: 279 | D30: 14 | E30: 12 | F30: 26 | G30: 9.3189964 | H30: 24 | I30: 0 | J30: 0 | K30: 0 | L30: 0
A31: 1400104000 | B31: Bucloc | C31: 30 | D31: 0 | E31: 0 | F31: 0 | G31: 0 | H31: 17 | I31: 0 | J31: 0 | K31: 0 | L31: 0
A32: 1400105000 | B32: Daguioman | C32: 34 | D32: 1 | E32: 1 | F32: 2 | G32: 5.8823529 | H32: 9 | I32: 1 | J32: 0 | K32: 1 | L32: 11.111111
A33: 1400106000 | B33: Danglas | C33: 60 | D33: 0 | E33: 3 | F33: 3 | G33: 5 | H33: 0 | I33: 0 | J33: 0 | K33: 0 | L33: 0
A34: 1400107000 | B34: Dolores | C34: 193 | D34: 8 | E34: 6 | F34: 14 | G34: 7.253886 | H34: 20 | I34: 0 | J34: 1 | K34: 1 | L34: 5
A35: 1400108000 | B35: La Paz | C35: 268 | D35: 6 | E35: 7 | F35: 13 | G35: 4.8507463 | H35: -2 | I35: 0 | J35: 0 | K35: 0 | L35: 0
A36: 1400109000 | B36: Lacub | C36: 67 | D36: 0 | E36: 0 | F36: 0 | G36: 0 | H36: 42 | I36: 0 | J36: 0 | K36: 0 | L36: 0
A37: 1400110000 | B37: Lagangilang | C37: 243 | D37: 8 | E37: 2 | F37: 10 | G37: 4.1152263 | H37: 46 | I37: 0 | J37: 0 | K37: 0 | L37: 0
A38: 1400111000 | B38: Lagayan | C38: 64 | D38: 2 | E38: 7 | F38: 9 | G38: 14.0625 | H38: 3 | I38: 0 | J38: 0 | K38: 0 | L38: 0
... A54: 1400127000 | B54: Villaviciosa | C54: 91 | D54: 2 | E54: 1 | F54: 3 | G54: 3.2967033 | H54: 27 | I54: 0 | J54: 0 | K54: 0 | L54: 0
A55: 1401100000 | B55: Benguet | C55: 9666 | D55: 188 | E55: 175 | F55: 363 | G55: 3.7554314 | H55: 4686 | I55: 25 | J55: 19 | K55: 44 | L55: 0.93896714
A56: 1401101000 | B56: Atok | C56: 364 | D56: 9 | E56: 7 | F56: 16 | G56: 4.3956044 | H56: 174 | I56: 1 | J56: 0 | K56: 1 | L56: 0.57471264
A57: 1401103000 | B57: Bakun | C57: 326 | D57: 10 | E57: 6 | F57: 16 | G57: 4.9079755 | H57: 169 | I57: 0 | J57: 0 | K57: 0 | L57: 0
A58: 1401104000 | B58: Bokod | C58: 317 | D58: 10 | E58: 8 | F58: 18 | G58: 5.6782334 | H58: 136 | I58: 0 | J58: 0 | K58: 0 | L58: 0
A59: 1401105000 | B59: Buguias | C59: 1045 | D59: 35 | E59: 26 | F59: 61 | G59: 5.8373206 | H59: 477 | I59: 0 | J59: 1 | K59: 1 | L59: 0.20964361
A60: 1401106000 | B60: Itogon | C60: 1208 | D60: 15 | E60: 12 | F60: 27 | G60: 2.2350993 | H60: 746 | I60: 2 | J60: 1 | K60: 3 | L60: 0.40214477
A61: 1401107000 | B61: Kabayan | C61: 340 | D61: 6 | E61: 14 | F61: 20 | G61: 5.8823529 | H61: 132 | I61: 0 | J61: 1 | K61: 1 | L61: 0.75757576
A62: 1401108000 | B62: Kapangan | C62: 294 | D62: 5 | E62: 7 | F62: 12 | G62: 4.0816327 | H62: 117 | I62: 0 | J62: 0 | K62: 0 | L62: 0
A63: 1401109000 | B63: Kibungan | C63: 411 | D63: 5 | E63: 7 | F63: 12 | G63: 2.919708 | H63: 207 | I63: 2 | J63: 0 | K63: 2 | L63: 0.96618357
A64: 1401110000 | B64: La Trinidad | C64: 2934 | D64: 40 | E64: 41 | F64: 81 | G64: 2.7607362 | H64: 1465 | I64: 14 | J64: 10 | K64: 24 | L64: 1.6382253
A65: 1401111000 | B65: Mankayan | C65: 936 | D65: 18 | E65: 16 | F65: 34 | G65: 3.6324786 | H65: 427 | I65: 2 | J65: 2 | K65: 4 | L65: 0.93676815
A66: 1401112000 | B66: Sablan | C66: 182 | D66: 0 | E66: 3 | F66: 3 | G66: 1.6483516 | H66: 63 | I66: 0 | J66: 0 | K66: 0 | L66: 0
A67: 1401113000 | B67: Tuba | C67: 911 | D67: 17 | E67: 20 | F67: 37 | G67: 4.0614709 | H67: 532 | I67: 4 | J67: 4 | K67: 8 | L67: 1.5037594
A68: 1401114000 | B68: Tublay | C68: 398 | D68: 18 | E68: 8 | F68: 26 | G68: 6.5326633 | H68: 41 | I68: 0 | J68: 0 | K68: 0 | L68: 0
A69: 1402700000 | B69: Ifugao | C69: 4502 | D69: 94 | E69: 102 | F69: 196 | G69: 4.3536206 | H69: 1516 | I69: 7 | J69: 8 | K69: 15 | L69: 0.98944591
A70: 1402701000 | B70: Banaue | C70: 368 | D70: 12 | E70: 11 | F70: 23 | G70: 6.25 | H70: 145 | I70: 0 | J70: 3 | K70: 3 | L70: 2.0689655
A71: 1402702000 | B71: Hungduan | C71: 187 | D71: 6 | E71: 5 | F71: 11 | G71: 5.8823529 | H71: 90 | I71: 0 | J71: 0 | K71: 0 | L71: 0
A72: 1402703000 | B72: Kiangan | C72: 336 | D72: 8 | E72: 5 | F72: 13 | G72: 3.8690476 | H72: 102 | I72: 1 | J72: 0 | K72: 1 | L72: 0.98039216
A73: 1402704000 | B73: Lagawe | C73: 373 | D73: 9 | E73: 9 | F73: 18 | G73: 4.8257373 | H73: 124 | I73: 2 | J73: 0 | K73: 2 | L73: 1.6129032
A74: 1402705000 | B74: Lamut | C74: 531 | D74: 13 | E74: 13 | F74: 26 | G74: 4.8964218 | H74: 152 | I74: 0 | J74: 1 | K74: 1 | L74: 0.65789474
A75: 1402706000 | B75: Mayoyao | C75: 320 | D75: 5 | E75: 6 | F75: 11 | G75: 3.4375 | H75: 178 | I75: 0 | J75: 0 | K75: 0 | L75: 0
A76: 1402707000 | B76: Alfonso Lista | C76: 705 | D76: 15 | E76: 15 | F76: 30 | G76: 4.2553191 | H76: 117 | I76: 1 | J76: 0 | K76: 1 | L76: 0.85470085
A77: 1402708000 | B77: Aguinaldo | C77: 556 | D77: 5 | E77: 13 | F77: 18 | G77: 3.2374101 | H77: 193 | I77: 0 | J77: 1 | K77: 1 | L77: 0.51813472
A78: 1402709000 | B78: Hingyon | C78: 174 | D78: 3 | E78: 4 | F78: 7 | G78: 4.0229885 | H78: 68 | I78: 0 | J78: 1 | K78: 1 | L78: 1.4705882
A79: 1402710000 | B79: Tinoc | C79: 484 | D79: 14 | E79: 13 | F79: 27 | G79: 5.5785124 | H79: 132 | I79: 3 | J79: 2 | K79: 5 | L79: 3.7878788
A80: 1402711000 | B80: Asipulo | C80: 468 | D80: 4 | E80: 8 | F80: 12 | G80: 2.5641026 | H80: 215 | I80: 0 | J80: 0 | K80: 0 | L80: 0
A81: 1403200000 | B81: Kalinga | C81: 4979 | D81: 165 | E81: 136 | F81: 301 | G81: 6.0453906 | H81: 906 | I81: 0 | J81: 0 | K81: 0 | L81: 0
A82: 1403201000 | B82: Balbalan | C82: 198 | D82: 8 | E82: 3 | F82: 11 | G82: 5.5555556 | H82: 46 | I82: 0 | J82: 0 | K82: 0 | L82: 0
A83: 1403206000 | B83: Lubuagan | C83: 181 | D83: 8 | E83: 0 | F83: 8 | G83: 4.4198895 | H83: 51 | I83: 0 | J83: 0 | K83: 0 | L83: 0
A84: 1403208000 | B84: Pasil | C84: 207 | D84: 4 | E84: 4 | F84: 8 | G84: 3.8647343 | H84: 86 | I84: 0 | J84: 0 | K84: 0 | L84: 0
A85: 1403209000 | B85: Pinukpuk | C85: 739 | D85: 22 | E85: 19 | F85: 41 | G85: 5.5480379 | H85: 351 | I85: 0 | J85: 0 | K85: 0 | L85: 0
A86: 1403211000 | B86: Rizal | C86: 419 | D86: 8 | E86: 8 | F86: 16 | G86: 3.8186158 | H86: 121 | I86: 0 | J86: 0 | K86: 0 | L86: 0
A87: 1403213000 | B87: City of Tabuk | C87: 2809 | D87: 103 | E87: 86 | F87: 189 | G87: 6.7283731 | H87: 106 | I87: 0 | J87: 0 | K87: 0 | L87: 0
A88: 1403214000 | B88: Tanudan | C88: 151 | D88: 5 | E88: 8 | F88: 13 | G88: 8.6092715 | H88: 23 | I88: 0 | J88: 0 | K88: 0 | L88: 0
A89: 1403215000 | B89: Tinglayan | C89: 275 | D89: 7 | E89: 8 | F89: 15 | G89: 5.4545455 | H89: 122 | I89: 0 | J89: 0 | K89: 0 | L89: 0
A90: 1404400000 | B90: Mountain Province | C90: 2838 | D90: 99 | E90: 80 | F90: 179 | G90: 6.3072586 | H90: 820 | I90: 0 | J90: 0 | K90: 0 | L90: 0
A91: 1404401000 | B91: Barlig | C91: 81 | D91: 3 | E91: 4 | F91: 7 | G91: 8.6419753 | H91: 33 | I91: 0 | J91: 0 | K91: 0 | L91: 0
A92: 1404402000 | B92: Bauko | C92: 605 | D92: 27 | E92: 19 | F92: 46 | G92: 7.6033058 | H92: 78 | I92: 0 | J92: 0 | K92: 0 | L92: 0
A93: 1404403000 | B93: Besao | C93: 124 | D93: 4 | E93: 3 | F93: 7 | G93: 5.6451613 | H93: 50 | I93: 0 | J93: 0 | K93: 0 | L93: 0
A94: 1404404000 | B94: Bontoc | C94: 405 | D94: 16 | E94: 12 | F94: 28 | G94: 6.9135802 | H94: 109 | I94: 0 | J94: 0 | K94: 0 | L94: 0
A95: 1404405000 | B95: Natonin | C95: 183 | D95: 5 | E95: 4 | F95: 9 | G95: 4.9180328 | H95: 47 | I95: 0 | J95: 0 | K95: 0 | L95: 0
A96: 1404406000 | B96: Paracelis | C96: 712 | D96: 24 | E96: 19 | F96: 43 | G96: 6.0393258 | H96: 298 | I96: 0 | J96: 0 | K96: 0 | L96: 0
A97: 1404407000 | B97: Sabangan | C97: 160 | D97: 4 | E97: 6 | F97: 10 | G97: 6.25 | H97: 66 | I97: 0 | J97: 0 | K97: 0 | L97: 0
A98: 1404408000 | B98: Sadanga | C98: 125 | D98: 4 | E98: 4 | F98: 8 | G98: 6.4 | H98: 2 | I98: 0 | J98: 0 | K98: 0 | L98: 0
A99: 1404409000 | B99: Sagada | C99: 168 | D99: 6 | E99: 1 | F99: 7 | G99: 4.1666667 | H99: 64 | I99: 0 | J99: 0 | K99: 0 | L99: 0
A100: 1404410000 | B100: Tadian | C100: 275 | D100: 6 | E100: 8 | F100: 14 | G100: 5.0909091 | H100: 73 | I100: 0 | J100: 0 | K100: 0 | L100: 0
A101: 1408100000 | B101: Apayao | C101: 2416 | D101: 70 | E101: 70 | F101: 140 | G101: 5.794702 | H101: 689 | I101: 2 | J101: 5 | K101: 7 | L101: 1.0159652
A102: 1408101000 | B102: Calanasan | C102: 215 | D102: 6 | E102: 3 | F102: 9 | G102: 4.1860465 | H102: 62 | I102: 1 | J102: 0 | K102: 1 | L102: 1.6129032
A103: 1408102000 | B103: Conner | C103: 621 | D103: 18 | E103: 17 | F103: 35 | G103: 5.6360709 | H103: 229 | I103: 1 | J103: 5 | K103: 6 | L103: 2.6200873
A104: 1408103000 | B104: Flora | C104: 351 | D104: 7 | E104: 15 | F104: 22 | G104: 6.2678063 | H104: 146 | I104: 0 | J104: 0 | K104: 0 | L104: 0
A105: 1408104000 | B105: Kabugao | C105: 291 | D105: 11 | E105: 5 | F105: 16 | G105: 5.4982818 | H105: 39 | I105: 0 | J105: 0 | K105: 0 | L105: 0
A106: 1408105000 | B106: Luna | C106: 440 | D106: 12 | E106: 12 | F106: 24 | G106: 5.4545455 | H106: 162 | I106: 0 | J106: 0 | K106: 0 | L106: 0
A107: 1408106000 | B107: Pudtol | C107: 266 | D107: 10 | E107: 11 | F107: 21 | G107: 7.8947368 | H107: 18 | I107: 0 | J107: 0 | K107: 0 | L107: 0
A108: 1408107000 | B108: Santa Marcela | C108: 232 | D108: 6 | E108: 7 | F108: 13 | G108: 5.6034483 | H108: 33 | I108: 0 | J108: 0 | K108: 0 | L108: 0
A109: 1430300000 | B109: City of Baguio | C109: 5847 | D109: 150 | E109: 143 | F109: 293 | G109: 5.0111168 | H109: 2156 | I109: 27 | J109: 22 | K109: 49 | L109: 2.2727273
A110: 0100000000 | B110: Region 1 | C110: 104281 | D110: 3084 | E110: 2832 | F110: 5916 | G110: 5.6731332 | H110: 25963 | I110: 29 | J110: 30 | K110: 59 | L110: 0.22724647
A111: 0102800000 | B111: Ilocos Norte | C111: 9590 | D111: 327 | E111: 339 | F111: 666 | G111: 6.9447341 | H111: 870 | I111: 0 | J111: 0 | K111: 0 | L111: 0
A112: 0102801000 | B112: Adams | C112: 59 | D112: 0 | E112: 2 | F112: 2 | G112: 3.3898305 | H112: 39 | I112: 0 | J112: 0 | K112: 0 | L112: 0
A113: 0102802000 | B113: Bacarra | C113: 472 | D113: 17 | E113: 12 | F113: 29 | G113: 6.1440678 | H113: 105 | I113: 0 | J113: 0 | K113: 0 | L113: 0
A114: 0102803000 | B114: Badoc | C114: 467 | D114: 9 | E114: 13 | F114: 22 | G114: 4.7109208 | H114: 86 | I114: 0 | J114: 0 | K114: 0 | L114: 0
A115: 0102804000 | B115: Bangui | C115: 189 | D115: 12 | E115: 3 | F115: 15 | G115: 7.9365079 | H115: -11 | I115: 0 | J115: 0 | K115: 0 | L115: 0
A116: 0102805000 | B116: City of Batac | C116: 874 | D116: 28 | E116: 36 | F116: 64 | G116: 7.3226545 | H116: 98 | I116: 0 | J116: 0 | K116: 0 | L116: 0
...

Sheet Qtr3
A1: Immunization Services for Infants and Children
A2: Fully Immunized Children & Completely Immunized Children
A3: Philippines, 2025 3rd Quarter
A5: PSGC 10 | B5: Region, Province/City, and Municipality | C5: Projected Population (0-12 months old) (Previous cohort) | D5: FIC | H5: Projected population 0-12 months (previous cohort) minus previous FIC | I5: CIC
D6: Male | E6: Female | F6: Total | G6: % | I6: Male | J6: Female | K6: Total | L6: %
B7: PHILIPPINES | C7: 2392392 | D7: 198049 | E7: 189269 | F7: 387318 | G7: 16.189571 | H7: 840855 | I7: 13332 | J7: 12149 | K7: 25481 | L7: 3.0303679
A8: 1300000000 | B8: NCR | C8: 285798 | D8: 28957 | E8: 28073 | F8: 57030 | G8: 19.954653 | H8: 60578 | I8: 1379 | J8: 1342 | K8: 2721 | L8: 4.4917297
A9: 1380100000 | B9: City of Caloocan | C9: 36488 | D9: 3041 | E9: 2906 | F9: 5947 | G9: 16.298509 | H9: 10459 | I9: 101 | J9: 98 | K9: 199 | L9: 1.9026676
A10: 1380200000 | B10: City of Las Piñas | C10: 12284 | D10: 1157 | E10: 1116 | F10: 2273 | G10: 18.503745 | H10: 2457 | I10: 46 | J10: 49 | K10: 95 | L10: 3.8665039
A11: 1380300000 | B11: City of Makati | C11: 4580 | D11: 571 | E11: 527 | F11: 1098 | G11: 23.973799 | H11: 269 | I11: 7 | J11: 14 | K11: 21 | L11: 7.8066914
A12: 1380400000 | B12: City of Malabon | C12: 8070 | D12: 580 | E12: 579 | F12: 1159 | G12: 14.361834 | H12: 1806 | I12: 63 | J12: 65 | K12: 128 | L12: 7.0874862
A13: 1380500000 | B13: City of Mandaluyong | C13: 8672 | D13: 950 | E13: 960 | F13: 1910 | G13: 22.024908 | H13: 318 | I13: 17 | J13: 18 | K13: 35 | L13: 11.006289
A14: 1380600000 | B14: City of Manila | C14: 37288 | D14: 4840 | E14: 4626 | F14: 9466 | G14: 25.386183 | H14: 1758 | I14: 245 | J14: 228 | K14: 473 | L14: 26.905575
A15: 1380700000 | B15: City of Marikina | C15: 9135 | D15: 391 | E15: 415 | F15: 806 | G15: 8.8232074 | H15: 5810 | I15: 51 | J15: 59 | K15: 110 | L15: 1.8932874
A16: 1380800000 | B16: City of Muntinlupa | C16: 10788 | D16: 295 | E16: 308 | F16: 603 | G16: 5.5895439 | H16: 4892 | I16: 31 | J16: 22 | K16: 53 | L16: 1.0834015
A17: 1380900000 | B17: City of Navotas | C17: 5718 | D17: 442 | E17: 460 | F17: 902 | G17: 15.774746 | H17: 276 | I17: 4 | J17: 2 | K17: 6 | L17: 2.173913
A18: 1381000000 | B18: City of Parañaque | C18: 14517 | D18: 1702 | E18: 1727 | F18: 3429 | G18: 23.620583 | H18: 2053 | I18: 63 | J18: 48 | K18: 111 | L18: 5.4067219
A19: 1381100000 | B19: Pasay City | C19: 7684 | D19: 833 | E19: 830 | F19: 1663 | G19: 21.642374 | H19: 1507 | I19: 32 | J19: 39 | K19: 71 | L19: 4.711347
A20: 1381200000 | B20: City of Pasig | C20: 19265 | D20: 2447 | E20: 2344 | F20: 4791 | G20: 24.868933 | H20: 2803 | I20: 47 | J20: 43 | K20: 90 | L20: 3.2108455
A21: 1381300000 | B21: Quezon City | C21: 64737 | D21: 7756 | E21: 7661 | F21: 15417 | G21: 23.81482 | H21: -868 | I21: 379 | J21: 358 | K21: 737 | L21: -84.907834
A22: 1381400000 | B22: City of San Juan | C22: 2363 | D22: 167 | E22: 147 | F22: 314 | G22: 13.288193 | H22: 1266 | I22: 11 | J22: 2 | K22: 13 | L22: 1.0268562
A23: 1381500000 | B23: City of Taguig | C23: 28175 | D23: 2339 | E23: 2043 | F23: 4382 | G23: 15.552795 | H23: 17945 | I23: 273 | J23: 268 | K23: 541 | L23: 3.0147673
A24: 1381600000 | B24: City of Valenzuela | C24: 14813 | D24: 1348 | E24: 1320 | F24: 2668 | G24: 18.011206 | H24: 7459 | I24: 8 | J24: 20 | K24: 28 | L24: 0.37538544
A25: 1381701000 | B25: Pateros | C25: 1221 | D25: 98 | E25: 104 | F25: 202 | G25: 16.543817 | H25: 368 | I25: 1 | J25: 9 | K25: 10 | L25: 2.7173913
A26: 1400000000 | B26: CAR | C26: 34199 | D26: 2764 | E26: 2461 | F26: 5225 | G26: 15.278225 | H26: 11531 | I26: 171 | J26: 150 | K26: 321 | L26: 2.7838002
A27: 1400100000 | B27: Abra | C27: 3951 | D27: 434 | E27: 329 | F27: 763 | G27: 19.311567 | H27: 758 | I27: 3 | J27: 2 | K27: 5 | L27: 0.65963061
A28: 1400101000 | B28: Bangued | C28: 808 | D28: 109 | E28: 101 | F28: 210 | G28: 25.990099 | H28: 62 | I28: 0 | J28: 0 | K28: 0 | L28: 0
A29: 1400102000 | B29: Boliney | C29: 79 | D29: 6 | E29: 3 | F29: 9 | G29: 11.392405 | H29: 41 | I29: 0 | J29: 0 | K29: 0 | L29: 0
A30: 1400103000 | B30: Bucay | C30: 279 | D30: 34 | E30: 19 | F30: 53 | G30: 18.996416 | H30: 24 | I30: 0 | J30: 0 | K30: 0 | L30: 0
A31: 1400104000 | B31: Bucloc | C31: 30 | D31: 2 | E31: 4 | F31: 6 | G31: 20 | H31: 17 | I31: 0 | J31: 0 | K31: 0 | L31: 0
A32: 1400105000 | B32: Daguioman | C32: 34 | D32: 3 | E32: 1 | F32: 4 | G32: 11.764706 | H32: 9 | I32: 1 | J32: 0 | K32: 1 | L32: 11.111111
A33: 1400106000 | B33: Danglas | C33: 60 | D33: 7 | E33: 12 | F33: 19 | G33: 31.666667 | H33: 0 | I33: 0 | J33: 0 | K33: 0 | L33: 0
A34: 1400107000 | B34: Dolores | C34: 193 | D34: 27 | E34: 23 | F34: 50 | G34: 25.906736 | H34: 20 | I34: 1 | J34: 0 | K34: 1 | L34: 5
A35: 1400108000 | B35: La Paz | C35: 268 | D35: 20 | E35: 16 | F35: 36 | G35: 13.432836 | H35: -2 | I35: 0 | J35: 0 | K35: 0 | L35: 0
A36: 1400109000 | B36: Lacub | C36: 67 | D36: 7 | E36: 1 | F36: 8 | G36: 11.940299 | H36: 42 | I36: 0 | J36: 0 | K36: 0 | L36: 0
A37: 1400110000 | B37: Lagangilang | C37: 243 | D37: 20 | E37: 21 | F37: 41 | G37: 16.872428 | H37: 46 | I37: 0 | J37: 0 | K37: 0 | L37: 0
A38: 1400111000 | B38: Lagayan | C38: 64 | D38: 9 | E38: 7 | F38: 16 | G38: 25 | H38: 3 | I38: 0 | J38: 0 | K38: 0 | L38: 0
... A54: 1400127000 | B54: Villaviciosa | C54: 91 | D54: 6 | E54: 7 | F54: 13 | G54: 14.285714 | H54: 27 | I54: 0 | J54: 0 | K54: 0 | L54: 0
A55: 1401100000 | B55: Benguet | C55: 9666 | D55: 606 | E55: 572 | F55: 1178 | G55: 12.187047 | H55: 4686 | I55: 78 | J55: 60 | K55: 138 | L55: 2.9449424
A56: 1401101000 | B56: Atok | C56: 364 | D56: 27 | E56: 28 | F56: 55 | G56: 15.10989 | H56: 174 | I56: 0 | J56: 2 | K56: 2 | L56: 1.1494253
A57: 1401103000 | B57: Bakun | C57: 326 | D57: 20 | E57: 16 | F57: 36 | G57: 11.042945 | H57: 169 | I57: 0 | J57: 0 | K57: 0 | L57: 0
A58: 1401104000 | B58: Bokod | C58: 317 | D58: 28 | E58: 20 | F58: 48 | G58: 15.141956 | H58: 136 | I58: 0 | J58: 0 | K58: 0 | L58: 0
A59: 1401105000 | B59: Buguias | C59: 1045 | D59: 77 | E59: 50 | F59: 127 | G59: 12.15311 | H59: 477 | I59: 0 | J59: 0 | K59: 0 | L59: 0
A60: 1401106000 | B60: Itogon | C60: 1208 | D60: 43 | E60: 43 | F60: 86 | G60: 7.1192053 | H60: 746 | I60: 14 | J60: 10 | K60: 24 | L60: 3.2171582
A61: 1401107000 | B61: Kabayan | C61: 340 | D61: 23 | E61: 20 | F61: 43 | G61: 12.647059 | H61: 132 | I61: 5 | J61: 2 | K61: 7 | L61: 5.3030303
A62: 1401108000 | B62: Kapangan | C62: 294 | D62: 25 | E62: 30 | F62: 55 | G62: 18.707483 | H62: 117 | I62: 0 | J62: 1 | K62: 1 | L62: 0.85470085
A63: 1401109000 | B63: Kibungan | C63: 411 | D63: 17 | E63: 28 | F63: 45 | G63: 10.948905 | H63: 207 | I63: 2 | J63: 1 | K63: 3 | L63: 1.4492754
A64: 1401110000 | B64: La Trinidad | C64: 2934 | D64: 161 | E64: 173 | F64: 334 | G64: 11.383776 | H64: 1465 | I64: 40 | J64: 37 | K64: 77 | L64: 5.2559727
A65: 1401111000 | B65: Mankayan | C65: 936 | D65: 75 | E65: 62 | F65: 137 | G65: 14.636752 | H65: 427 | I65: 4 | J65: 1 | K65: 5 | L65: 1.1709602
A66: 1401112000 | B66: Sablan | C66: 182 | D66: 10 | E66: 9 | F66: 19 | G66: 10.43956 | H66: 63 | I66: 0 | J66: 0 | K66: 0 | L66: 0
A67: 1401113000 | B67: Tuba | C67: 911 | D67: 59 | E67: 52 | F67: 111 | G67: 12.184413 | H67: 532 | I67: 13 | J67: 6 | K67: 19 | L67: 3.5714286
A68: 1401114000 | B68: Tublay | C68: 398 | D68: 41 | E68: 41 | F68: 82 | G68: 20.603015 | H68: 41 | I68: 0 | J68: 0 | K68: 0 | L68: 0
A69: 1402700000 | B69: Ifugao | C69: 4502 | D69: 328 | E69: 299 | F69: 627 | G69: 13.927143 | H69: 1516 | I69: 24 | J69: 19 | K69: 43 | L69: 2.8364116
A70: 1402701000 | B70: Banaue | C70: 368 | D70: 21 | E70: 19 | F70: 40 | G70: 10.869565 | H70: 145 | I70: 8 | J70: 5 | K70: 13 | L70: 8.9655172
A71: 1402702000 | B71: Hungduan | C71: 187 | D71: 13 | E71: 5 | F71: 18 | G71: 9.6256684 | H71: 90 | I71: 0 | J71: 0 | K71: 0 | L71: 0
A72: 1402703000 | B72: Kiangan | C72: 336 | D72: 30 | E72: 28 | F72: 58 | G72: 17.261905 | H72: 102 | I72: 1 | J72: 0 | K72: 1 | L72: 0.98039216
A73: 1402704000 | B73: Lagawe | C73: 373 | D73: 30 | E73: 26 | F73: 56 | G73: 15.013405 | H73: 124 | I73: 2 | J73: 2 | K73: 4 | L73: 3.2258065
A74: 1402705000 | B74: Lamut | C74: 531 | D74: 38 | E74: 40 | F74: 78 | G74: 14.689266 | H74: 152 | I74: 1 | J74: 2 | K74: 3 | L74: 1.9736842
A75: 1402706000 | B75: Mayoyao | C75: 320 | D75: 18 | E75: 25 | F75: 43 | G75: 13.4375 | H75: 178 | I75: 0 | J75: 0 | K75: 0 | L75: 0
A76: 1402707000 | B76: Alfonso Lista | C76: 705 | D76: 69 | E76: 47 | F76: 116 | G76: 16.453901 | H76: 117 | I76: 2 | J76: 0 | K76: 2 | L76: 1.7094017
A77: 1402708000 | B77: Aguinaldo | C77: 556 | D77: 33 | E77: 42 | F77: 75 | G77: 13.489209 | H77: 193 | I77: 6 | J77: 6 | K77: 12 | L77: 6.2176166
A78: 1402709000 | B78: Hingyon | C78: 174 | D78: 16 | E78: 13 | F78: 29 | G78: 16.666667 | H78: 68 | I78: 1 | J78: 1 | K78: 2 | L78: 2.9411765
A79: 1402710000 | B79: Tinoc | C79: 484 | D79: 30 | E79: 22 | F79: 52 | G79: 10.743802 | H79: 132 | I79: 3 | J79: 3 | K79: 6 | L79: 4.5454545
A80: 1402711000 | B80: Asipulo | C80: 468 | D80: 30 | E80: 32 | F80: 62 | G80: 13.247863 | H80: 215 | I80: 0 | J80: 0 | K80: 0 | L80: 0
A81: 1403200000 | B81: Kalinga | C81: 4979 | D81: 492 | E81: 422 | F81: 914 | G81: 18.3571 | H81: 906 | I81: 1 | J81: 2 | K81: 3 | L81: 0.33112583
A82: 1403201000 | B82: Balbalan | C82: 198 | D82: 18 | E82: 12 | F82: 30 | G82: 15.151515 | H82: 46 | I82: 1 | J82: 1 | K82: 2 | L82: 4.3478261
A83: 1403206000 | B83: Lubuagan | C83: 181 | D83: 15 | E83: 23 | F83: 38 | G83: 20.994475 | H83: 51 | I83: 0 | J83: 0 | K83: 0 | L83: 0
A84: 1403208000 | B84: Pasil | C84: 207 | D84: 12 | E84: 16 | F84: 28 | G84: 13.52657 | H84: 86 | I84: 0 | J84: 0 | K84: 0 | L84: 0
A85: 1403209000 | B85: Pinukpuk | C85: 739 | D85: 57 | E85: 50 | F85: 107 | G85: 14.479026 | H85: 351 | I85: 0 | J85: 0 | K85: 0 | L85: 0
A86: 1403211000 | B86: Rizal | C86: 419 | D86: 39 | E86: 32 | F86: 71 | G86: 16.945107 | H86: 121 | I86: 0 | J86: 0 | K86: 0 | L86: 0
A87: 1403213000 | B87: City of Tabuk | C87: 2809 | D87: 318 | E87: 266 | F87: 584 | G87: 20.790317 | H87: 106 | I87: 0 | J87: 0 | K87: 0 | L87: 0
A88: 1403214000 | B88: Tanudan | C88: 151 | D88: 9 | E88: 11 | F88: 20 | G88: 13.245033 | H88: 23 | I88: 0 | J88: 0 | K88: 0 | L88: 0
A89: 1403215000 | B89: Tinglayan | C89: 275 | D89: 24 | E89: 12 | F89: 36 | G89: 13.090909 | H89: 122 | I89: 0 | J89: 1 | K89: 1 | L89: 0.81967213
A90: 1404400000 | B90: Mountain Province | C90: 2838 | D90: 242 | E90: 203 | F90: 445 | G90: 15.680056 | H90: 820 | I90: 1 | J90: 2 | K90: 3 | L90: 0.36585366
A91: 1404401000 | B91: Barlig | C91: 81 | D91: 4 | E91: 5 | F91: 9 | G91: 11.111111 | H91: 33 | I91: 0 | J91: 0 | K91: 0 | L91: 0
A92: 1404402000 | B92: Bauko | C92: 605 | D92: 70 | E92: 62 | F92: 132 | G92: 21.818182 | H92: 78 | I92: 0 | J92: 0 | K92: 0 | L92: 0
A93: 1404403000 | B93: Besao | C93: 124 | D93: 12 | E93: 6 | F93: 18 | G93: 14.516129 | H93: 50 | I93: 0 | J93: 0 | K93: 0 | L93: 0
A94: 1404404000 | B94: Bontoc | C94: 405 | D94: 42 | E94: 24 | F94: 66 | G94: 16.296296 | H94: 109 | I94: 0 | J94: 0 | K94: 0 | L94: 0
A95: 1404405000 | B95: Natonin | C95: 183 | D95: 13 | E95: 12 | F95: 25 | G95: 13.661202 | H95: 47 | I95: 0 | J95: 2 | K95: 2 | L95: 4.2553191
A96: 1404406000 | B96: Paracelis | C96: 712 | D96: 36 | E96: 28 | F96: 64 | G96: 8.988764 | H96: 298 | I96: 1 | J96: 0 | K96: 1 | L96: 0.33557047
A97: 1404407000 | B97: Sabangan | C97: 160 | D97: 14 | E97: 16 | F97: 30 | G97: 18.75 | H97: 66 | I97: 0 | J97: 0 | K97: 0 | L97: 0
A98: 1404408000 | B98: Sadanga | C98: 125 | D98: 13 | E98: 14 | F98: 27 | G98: 21.6 | H98: 2 | I98: 0 | J98: 0 | K98: 0 | L98: 0
A99: 1404409000 | B99: Sagada | C99: 168 | D99: 14 | E99: 21 | F99: 35 | G99: 20.833333 | H99: 64 | I99: 0 | J99: 0 | K99: 0 | L99: 0
A100: 1404410000 | B100: Tadian | C100: 275 | D100: 24 | E100: 15 | F100: 39 | G100: 14.181818 | H100: 73 | I100: 0 | J100: 0 | K100: 0 | L100: 0
A101: 1408100000 | B101: Apayao | C101: 2416 | D101: 201 | E101: 192 | F101: 393 | G101: 16.266556 | H101: 689 | I101: 4 | J101: 2 | K101: 6 | L101: 0.87082729
A102: 1408101000 | B102: Calanasan | C102: 215 | D102: 15 | E102: 15 | F102: 30 | G102: 13.953488 | H102: 62 | I102: 1 | J102: 0 | K102: 1 | L102: 1.6129032
A103: 1408102000 | B103: Conner | C103: 621 | D103: 39 | E103: 42 | F103: 81 | G103: 13.043478 | H103: 229 | I103: 1 | J103: 1 | K103: 2 | L103: 0.87336245
A104: 1408103000 | B104: Flora | C104: 351 | D104: 26 | E104: 19 | F104: 45 | G104: 12.820513 | H104: 146 | I104: 1 | J104: 0 | K104: 1 | L104: 0.68493151
A105: 1408104000 | B105: Kabugao | C105: 291 | D105: 33 | E105: 24 | F105: 57 | G105: 19.587629 | H105: 39 | I105: 1 | J105: 1 | K105: 2 | L105: 5.1282051
A106: 1408105000 | B106: Luna | C106: 440 | D106: 33 | E106: 34 | F106: 67 | G106: 15.227273 | H106: 162 | I106: 0 | J106: 0 | K106: 0 | L106: 0
A107: 1408106000 | B107: Pudtol | C107: 266 | D107: 37 | E107: 36 | F107: 73 | G107: 27.443609 | H107: 18 | I107: 0 | J107: 0 | K107: 0 | L107: 0
A108: 1408107000 | B108: Santa Marcela | C108: 232 | D108: 18 | E108: 22 | F108: 40 | G108: 17.241379 | H108: 33 | I108: 0 | J108: 0 | K108: 0 | L108: 0
A109: 1430300000 | B109: City of Baguio | C109: 5847 | D109: 461 | E109: 444 | F109: 905 | G109: 15.478023 | H109: 2156 | I109: 60 | J109: 63 | K109: 123 | L109: 5.7050093
A110: 0100000000 | B110: Region 1 | C110: 104281 | D110: 9543 | E110: 9141 | F110: 18684 | G110: 17.916974 | H110: 25963 | I110: 113 | J110: 66 | K110: 179 | L110: 0.68944267
A111: 0102800000 | B111: Ilocos Norte | C111: 9590 | D111: 1052 | E111: 1060 | F111: 2112 | G111: 22.022941 | H111: 870 | I111: 0 | J111: 0 | K111: 0 | L111: 0
A112: 0102801000 | B112: Adams | C112: 59 | D112: 1 | E112: 1 | F112: 2 | G112: 3.3898305 | H112: 39 | I112: 0 | J112: 0 | K112: 0 | L112: 0
A113: 0102802000 | B113: Bacarra | C113: 472 | D113: 59 | E113: 58 | F113: 117 | G113: 24.788136 | H113: 105 | I113: 0 | J113: 0 | K113: 0 | L113: 0
A114: 0102803000 | B114: Badoc | C114: 467 | D114: 42 | E114: 47 | F114: 89 | G114: 19.057816 | H114: 86 | I114: 0 | J114: 0 | K114: 0 | L114: 0
A115: 0102804000 | B115: Bangui | C115: 189 | D115: 18 | E115: 17 | F115: 35 | G115: 18.518519 | H115: -11 | I115: 0 | J115: 0 | K115: 0 | L115: 0
A116: 0102805000 | B116: City of Batac | C116: 874 | D116: 81 | E116: 80 | F116: 161 | G116: 18.421053 | H116: 98 | I116: 0 | J116: 0 | K116: 0 | L116: 0
...

Sheet Jul
A1: Immunization Services for Infants and Children
A2: Fully Immunized Children & Completely Immunized Children
A3: Philippines, 2025 July
A5: PSGC 10 | B5: Region, Province/City, and Municipality | C5: Projected Population (0-12 months old) (Previous cohort) | D5: FIC | H5: Projected population 0-12 months (previous cohort) minus previous FIC | I5: CIC
D6: Male | E6: Female | F6: Total | G6: % | I6: Male | J6: Female | K6: Total | L6: %
B7: PHILIPPINES | C7: 2392392 | D7: 63658 | E7: 60425 | F7: 124083 | G7: 5.1865664 | H7: 840855 | I7: 4721 | J7: 4305 | K7: 9026 | L7: 1.0734312
A8: 1300000000 | B8: NCR | C8: 285798 | D8: 9364 | E8: 9032 | F8: 18396 | G8: 6.436714 | H8: 60578 | I8: 439 | J8: 456 | K8: 895 | L8: 1.4774341
A9: 1380100000 | B9: City of Caloocan | C9: 36488 | D9: 948 | E9: 913 | F9: 1861 | G9: 5.100307 | H9: 10459 | I9: 31 | J9: 32 | K9: 63 | L9: 0.60235204
A10: 1380200000 | B10: City of Las Piñas | C10: 12284 | D10: 374 | E10: 403 | F10: 777 | G10: 6.3253012 | H10: 2457 | I10: 16 | J10: 14 | K10: 30 | L10: 1.2210012
A11: 1380300000 | B11: City of Makati | C11: 4580 | D11: 194 | E11: 172 | F11: 366 | G11: 7.9912664 | H11: 269 | I11: 2 | J11: 7 | K11: 9 | L11: 3.3457249
A12: 1380400000 | B12: City of Malabon | C12: 8070 | D12: 179 | E12: 185 | F12: 364 | G12: 4.5105328 | H12: 1806 | I12: 15 | J12: 16 | K12: 31 | L12: 1.7165006
A13: 1380500000 | B13: City of Mandaluyong | C13: 8672 | D13: 336 | E13: 360 | F13: 696 | G13: 8.0258303 | H13: 318 | I13: 6 | J13: 9 | K13: 15 | L13: 4.7169811
A14: 1380600000 | B14: City of Manila | C14: 37288 | D14: 1581 | E14: 1460 | F14: 3041 | G14: 8.1554387 | H14: 1758 | I14: 53 | J14: 54 | K14: 107 | L14: 6.0864619
A15: 1380700000 | B15: City of Marikina | C15: 9135 | D15: 120 | E15: 106 | F15: 226 | G15: 2.4740011 | H15: 5810 | I15: 12 | J15: 21 | K15: 33 | L15: 0.56798623
A16: 1380800000 | B16: City of Muntinlupa | C16: 10788 | D16: 85 | E16: 78 | F16: 163 | G16: 1.5109381 | H16: 4892 | I16: 9 | J16: 6 | K16: 15 | L16: 0.30662306
A17: 1380900000 | B17: City of Navotas | C17: 5718 | D17: 166 | E17: 174 | F17: 340 | G17: 5.946135 | H17: 276 | I17: 0 | J17: 0 | K17: 0 | L17: 0
A18: 1381000000 | B18: City of Parañaque | C18: 14517 | D18: 423 | E18: 421 | F18: 844 | G18: 5.8138734 | H18: 2053 | I18: 18 | J18: 17 | K18: 35 | L18: 1.7048222
A19: 1381100000 | B19: Pasay City | C19: 7684 | D19: 205 | E19: 209 | F19: 414 | G19: 5.3878188 | H19: 1507 | I19: 8 | J19: 13 | K19: 21 | L19: 1.393497
A20: 1381200000 | B20: City of Pasig | C20: 19265 | D20: 790 | E20: 792 | F20: 1582 | G20: 8.211783 | H20: 2803 | I20: 22 | J20: 17 | K20: 39 | L20: 1.3913664
A21: 1381300000 | B21: Quezon City | C21: 64737 | D21: 2583 | E21: 2522 | F21: 5105 | G21: 7.8857531 | H21: -868 | I21: 134 | J21: 126 | K21: 260 | L21: -29.953917
A22: 1381400000 | B22: City of San Juan | C22: 2363 | D22: 47 | E22: 43 | F22: 90 | G22: 3.8087177 | H22: 1266 | I22: 5 | J22: 0 | K22: 5 | L22: 0.39494471
A23: 1381500000 | B23: City of Taguig | C23: 28175 | D23: 756 | E23: 652 | F23: 1408 | G23: 4.9973381 | H23: 17945 | I23: 103 | J23: 113 | K23: 216 | L23: 1.2036779
A24: 1381600000 | B24: City of Valenzuela | C24: 14813 | D24: 535 | E24: 498 | F24: 1033 | G24: 6.9736043 | H24: 7459 | I24: 5 | J24: 10 | K24: 15 | L24: 0.20109934
A25: 1381701000 | B25: Pateros | C25: 1221 | D25: 42 | E25: 44 | F25: 86 | G25: 7.043407 | H25: 368 | I25: 0 | J25: 1 | K25: 1 | L25: 0.27173913
A26: 1400000000 | B26: CAR | C26: 34199 | D26: 809 | E26: 710 | F26: 1519 | G26: 4.4416503 | H26: 11531 | I26: 44 | J26: 44 | K26: 88 | L26: 0.76316018
A27: 1400100000 | B27: Abra | C27: 3951 | D27: 111 | E27: 86 | F27: 197 | G27: 4.9860795 | H27: 758 | I27: 1 | J27: 0 | K27: 1 | L27: 0.13192612
A28: 1400101000 | B28: Bangued | C28: 808 | D28: 18 | E28: 16 | F28: 34 | G28: 4.2079208 | H28: 62 | I28: 0 | J28: 0 | K28: 0 | L28: 0
A29: 1400102000 | B29: Boliney | C29: 79 | D29: 1 | E29: 0 | F29: 1 | G29: 1.2658228 | H29: 41 | I29: 0 | J29: 0 | K29: 0 | L29: 0
A30: 1400103000 | B30: Bucay | C30: 279 | D30: 10 | E30: 8 | F30: 18 | G30: 6.4516129 | H30: 24 | I30: 0 | J30: 0 | K30: 0 | L30: 0
A31: 1400104000 | B31: Bucloc | C31: 30 | D31: 0 | E31: 2 | F31: 2 | G31: 6.6666667 | H31: 17 | I31: 0 | J31: 0 | K31: 0 | L31: 0
A32: 1400105000 | B32: Daguioman | C32: 34 | D32: 2 | E32: 0 | F32: 2 | G32: 5.8823529 | H32: 9 | I32: 1 | J32: 0 | K32: 1 | L32: 11.111111
A33: 1400106000 | B33: Danglas | C33: 60 | D33: 2 | E33: 2 | F33: 4 | G33: 6.6666667 | H33: 0 | I33: 0 | J33: 0 | K33: 0 | L33: 0
A34: 1400107000 | B34: Dolores | C34: 193 | D34: 5 | E34: 9 | F34: 14 | G34: 7.253886 | H34: 20 | I34: 0 | J34: 0 | K34: 0 | L34: 0
A35: 1400108000 | B35: La Paz | C35: 268 | D35: 7 | E35: 4 | F35: 11 | G35: 4.1044776 | H35: -2 | I35: 0 | J35: 0 | K35: 0 | L35: 0
A36: 1400109000 | B36: Lacub | C36: 67 | D36: 0 | E36: 0 | F36: 0 | G36: 0 | H36: 42 | I36: 0 | J36: 0 | K36: 0 | L36: 0
A37: 1400110000 | B37: Lagangilang | C37: 243 | D37: 11 | E37: 4 | F37: 15 | G37: 6.1728395 | H37: 46 | I37: 0 | J37: 0 | K37: 0 | L37: 0
A38: 1400111000 | B38: Lagayan | C38: 64 | D38: 5 | E38: 5 | F38: 10 | G38: 15.625 | H38: 3 | I38: 0 | J38: 0 | K38: 0 | L38: 0
... A54: 1400127000 | B54: Villaviciosa | C54: 91 | D54: 0 | E54: 4 | F54: 4 | G54: 4.3956044 | H54: 27 | I54: 0 | J54: 0 | K54: 0 | L54: 0
A55: 1401100000 | B55: Benguet | C55: 9666 | D55: 179 | E55: 181 | F55: 360 | G55: 3.7243948 | H55: 4686 | I55: 23 | J55: 18 | K55: 41 | L55: 0.87494665
A56: 1401101000 | B56: Atok | C56: 364 | D56: 7 | E56: 11 | F56: 18 | G56: 4.9450549 | H56: 174 | I56: 0 | J56: 0 | K56: 0 | L56: 0
A57: 1401103000 | B57: Bakun | C57: 326 | D57: 6 | E57: 5 | F57: 11 | G57: 3.3742331 | H57: 169 | I57: 0 | J57: 0 | K57: 0 | L57: 0
A58: 1401104000 | B58: Bokod | C58: 317 | D58: 11 | E58: 9 | F58: 20 | G58: 6.3091483 | H58: 136 | I58: 0 | J58: 0 | K58: 0 | L58: 0
A59: 1401105000 | B59: Buguias | C59: 1045 | D59: 19 | E59: 9 | F59: 28 | G59: 2.6794258 | H59: 477 | I59: 0 | J59: 0 | K59: 0 | L59: 0
A60: 1401106000 | B60: Itogon | C60: 1208 | D60: 18 | E60: 15 | F60: 33 | G60: 2.7317881 | H60: 746 | I60: 6 | J60: 2 | K60: 8 | L60: 1.0723861
A61: 1401107000 | B61: Kabayan | C61: 340 | D61: 12 | E61: 3 | F61: 15 | G61: 4.4117647 | H61: 132 | I61: 1 | J61: 0 | K61: 1 | L61: 0.75757576
A62: 1401108000 | B62: Kapangan | C62: 294 | D62: 9 | E62: 10 | F62: 19 | G62: 6.462585 | H62: 117 | I62: 0 | J62: 0 | K62: 0 | L62: 0
A63: 1401109000 | B63: Kibungan | C63: 411 | D63: 2 | E63: 8 | F63: 10 | G63: 2.43309 | H63: 207 | I63: 1 | J63: 0 | K63: 1 | L63: 0.48309179
A64: 1401110000 | B64: La Trinidad | C64: 2934 | D64: 48 | E64: 67 | F64: 115 | G64: 3.9195637 | H64: 1465 | I64: 7 | J64: 12 | K64: 19 | L64: 1.2969283
A65: 1401111000 | B65: Mankayan | C65: 936 | D65: 18 | E65: 18 | F65: 36 | G65: 3.8461538 | H65: 427 | I65: 3 | J65: 0 | K65: 3 | L65: 0.70257611
A66: 1401112000 | B66: Sablan | C66: 182 | D66: 2 | E66: 2 | F66: 4 | G66: 2.1978022 | H66: 63 | I66: 0 | J66: 0 | K66: 0 | L66: 0
A67: 1401113000 | B67: Tuba | C67: 911 | D67: 18 | E67: 18 | F67: 36 | G67: 3.9517014 | H67: 532 | I67: 5 | J67: 4 | K67: 9 | L67: 1.6917293
A68: 1401114000 | B68: Tublay | C68: 398 | D68: 9 | E68: 6 | F68: 15 | G68: 3.7688442 | H68: 41 | I68: 0 | J68: 0 | K68: 0 | L68: 0
A69: 1402700000 | B69: Ifugao | C69: 4502 | D69: 112 | E69: 98 | F69: 210 | G69: 4.6645935 | H69: 1516 | I69: 5 | J69: 9 | K69: 14 | L69: 0.92348285
A70: 1402701000 | B70: Banaue | C70: 368 | D70: 5 | E70: 9 | F70: 14 | G70: 3.8043478 | H70: 145 | I70: 2 | J70: 2 | K70: 4 | L70: 2.7586207
A71: 1402702000 | B71: Hungduan | C71: 187 | D71: 2 | E71: 2 | F71: 4 | G71: 2.1390374 | H71: 90 | I71: 0 | J71: 0 | K71: 0 | L71: 0
A72: 1402703000 | B72: Kiangan | C72: 336 | D72: 8 | E72: 8 | F72: 16 | G72: 4.7619048 | H72: 102 | I72: 0 | J72: 0 | K72: 0 | L72: 0
A73: 1402704000 | B73: Lagawe | C73: 373 | D73: 8 | E73: 11 | F73: 19 | G73: 5.0938338 | H73: 124 | I73: 0 | J73: 1 | K73: 1 | L73: 0.80645161
A74: 1402705000 | B74: Lamut | C74: 531 | D74: 10 | E74: 12 | F74: 22 | G74: 4.1431262 | H74: 152 | I74: 1 | J74: 1 | K74: 2 | L74: 1.3157895
A75: 1402706000 | B75: Mayoyao | C75: 320 | D75: 9 | E75: 6 | F75: 15 | G75: 4.6875 | H75: 178 | I75: 0 | J75: 0 | K75: 0 | L75: 0
A76: 1402707000 | B76: Alfonso Lista | C76: 705 | D76: 25 | E76: 18 | F76: 43 | G76: 6.0992908 | H76: 117 | I76: 0 | J76: 0 | K76: 0 | L76: 0
A77: 1402708000 | B77: Aguinaldo | C77: 556 | D77: 17 | E77: 12 | F77: 29 | G77: 5.2158273 | H77: 193 | I77: 1 | J77: 3 | K77: 4 | L77: 2.0725389
A78: 1402709000 | B78: Hingyon | C78: 174 | D78: 7 | E78: 2 | F78: 9 | G78: 5.1724138 | H78: 68 | I78: 0 | J78: 0 | K78: 0 | L78: 0
A79: 1402710000 | B79: Tinoc | C79: 484 | D79: 13 | E79: 7 | F79: 20 | G79: 4.1322314 | H79: 132 | I79: 1 | J79: 2 | K79: 3 | L79: 2.2727273
A80: 1402711000 | B80: Asipulo | C80: 468 | D80: 8 | E80: 11 | F80: 19 | G80: 4.0598291 | H80: 215 | I80: 0 | J80: 0 | K80: 0 | L80: 0
A81: 1403200000 | B81: Kalinga | C81: 4979 | D81: 156 | E81: 130 | F81: 286 | G81: 5.7441253 | H81: 906 | I81: 0 | J81: 0 | K81: 0 | L81: 0
A82: 1403201000 | B82: Balbalan | C82: 198 | D82: 4 | E82: 0 | F82: 4 | G82: 2.020202 | H82: 46 | I82: 0 | J82: 0 | K82: 0 | L82: 0
A83: 1403206000 | B83: Lubuagan | C83: 181 | D83: 6 | E83: 6 | F83: 12 | G83: 6.6298343 | H83: 51 | I83: 0 | J83: 0 | K83: 0 | L83: 0
A84: 1403208000 | B84: Pasil | C84: 207 | D84: 2 | E84: 3 | F84: 5 | G84: 2.4154589 | H84: 86 | I84: 0 | J84: 0 | K84: 0 | L84: 0
A85: 1403209000 | B85: Pinukpuk | C85: 739 | D85: 15 | E85: 15 | F85: 30 | G85: 4.0595399 | H85: 351 | I85: 0 | J85: 0 | K85: 0 | L85: 0
A86: 1403211000 | B86: Rizal | C86: 419 | D86: 17 | E86: 5 | F86: 22 | G86: 5.2505967 | H86: 121 | I86: 0 | J86: 0 | K86: 0 | L86: 0
A87: 1403213000 | B87: City of Tabuk | C87: 2809 | D87: 95 | E87: 94 | F87: 189 | G87: 6.7283731 | H87: 106 | I87: 0 | J87: 0 | K87: 0 | L87: 0
A88: 1403214000 | B88: Tanudan | C88: 151 | D88: 5 | E88: 2 | F88: 7 | G88: 4.6357616 | H88: 23 | I88: 0 | J88: 0 | K88: 0 | L88: 0
A89: 1403215000 | B89: Tinglayan | C89: 275 | D89: 12 | E89: 5 | F89: 17 | G89: 6.1818182 | H89: 122 | I89: 0 | J89: 0 | K89: 0 | L89: 0
A90: 1404400000 | B90: Mountain Province | C90: 2838 | D90: 89 | E90: 59 | F90: 148 | G90: 5.2149401 | H90: 820 | I90: 1 | J90: 2 | K90: 3 | L90: 0.36585366
A91: 1404401000 | B91: Barlig | C91: 81 | D91: 0 | E91: 0 | F91: 0 | G91: 0 | H91: 33 | I91: 0 | J91: 0 | K91: 0 | L91: 0
A92: 1404402000 | B92: Bauko | C92: 605 | D92: 23 | E92: 19 | F92: 42 | G92: 6.9421488 | H92: 78 | I92: 0 | J92: 0 | K92: 0 | L92: 0
A93: 1404403000 | B93: Besao | C93: 124 | D93: 7 | E93: 4 | F93: 11 | G93: 8.8709677 | H93: 50 | I93: 0 | J93: 0 | K93: 0 | L93: 0
A94: 1404404000 | B94: Bontoc | C94: 405 | D94: 14 | E94: 4 | F94: 18 | G94: 4.4444444 | H94: 109 | I94: 0 | J94: 0 | K94: 0 | L94: 0
A95: 1404405000 | B95: Natonin | C95: 183 | D95: 5 | E95: 6 | F95: 11 | G95: 6.010929 | H95: 47 | I95: 0 | J95: 2 | K95: 2 | L95: 4.2553191
A96: 1404406000 | B96: Paracelis | C96: 712 | D96: 21 | E96: 17 | F96: 38 | G96: 5.3370787 | H96: 298 | I96: 1 | J96: 0 | K96: 1 | L96: 0.33557047
A97: 1404407000 | B97: Sabangan | C97: 160 | D97: 2 | E97: 2 | F97: 4 | G97: 2.5 | H97: 66 | I97: 0 | J97: 0 | K97: 0 | L97: 0
A98: 1404408000 | B98: Sadanga | C98: 125 | D98: 7 | E98: 3 | F98: 10 | G98: 8 | H98: 2 | I98: 0 | J98: 0 | K98: 0 | L98: 0
A99: 1404409000 | B99: Sagada | C99: 168 | D99: 4 | E99: 3 | F99: 7 | G99: 4.1666667 | H99: 64 | I99: 0 | J99: 0 | K99: 0 | L99: 0
A100: 1404410000 | B100: Tadian | C100: 275 | D100: 6 | E100: 1 | F100: 7 | G100: 2.5454545 | H100: 73 | I100: 0 | J100: 0 | K100: 0 | L100: 0
A101: 1408100000 | B101: Apayao | C101: 2416 | D101: 50 | E101: 54 | F101: 104 | G101: 4.3046358 | H101: 689 | I101: 2 | J101: 1 | K101: 3 | L101: 0.43541364
A102: 1408101000 | B102: Calanasan | C102: 215 | D102: 4 | E102: 6 | F102: 10 | G102: 4.6511628 | H102: 62 | I102: 1 | J102: 0 | K102: 1 | L102: 1.6129032
A103: 1408102000 | B103: Conner | C103: 621 | D103: 9 | E103: 6 | F103: 15 | G103: 2.4154589 | H103: 229 | I103: 1 | J103: 1 | K103: 2 | L103: 0.87336245
A104: 1408103000 | B104: Flora | C104: 351 | D104: 2 | E104: 2 | F104: 4 | G104: 1.1396011 | H104: 146 | I104: 0 | J104: 0 | K104: 0 | L104: 0
A105: 1408104000 | B105: Kabugao | C105: 291 | D105: 12 | E105: 12 | F105: 24 | G105: 8.2474227 | H105: 39 | I105: 0 | J105: 0 | K105: 0 | L105: 0
A106: 1408105000 | B106: Luna | C106: 440 | D106: 12 | E106: 17 | F106: 29 | G106: 6.5909091 | H106: 162 | I106: 0 | J106: 0 | K106: 0 | L106: 0
A107: 1408106000 | B107: Pudtol | C107: 266 | D107: 8 | E107: 7 | F107: 15 | G107: 5.6390977 | H107: 18 | I107: 0 | J107: 0 | K107: 0 | L107: 0
A108: 1408107000 | B108: Santa Marcela | C108: 232 | D108: 3 | E108: 4 | F108: 7 | G108: 3.0172414 | H108: 33 | I108: 0 | J108: 0 | K108: 0 | L108: 0
A109: 1430300000 | B109: City of Baguio | C109: 5847 | D109: 112 | E109: 102 | F109: 214 | G109: 3.6599966 | H109: 2156 | I109: 12 | J109: 14 | K109: 26 | L109: 1.2059369
A110: 0100000000 | B110: Region 1 | C110: 104281 | D110: 2925 | E110: 2823 | F110: 5748 | G110: 5.51203 | H110: 25963 | I110: 39 | J110: 23 | K110: 62 | L110: 0.23880137
A111: 0102800000 | B111: Ilocos Norte | C111: 9590 | D111: 335 | E111: 338 | F111: 673 | G111: 7.0177268 | H111: 870 | I111: 0 | J111: 0 | K111: 0 | L111: 0
A112: 0102801000 | B112: Adams | C112: 59 | D112: 0 | E112: 1 | F112: 1 | G112: 1.6949153 | H112: 39 | I112: 0 | J112: 0 | K112: 0 | L112: 0
A113: 0102802000 | B113: Bacarra | C113: 472 | D113: 19 | E113: 17 | F113: 36 | G113: 7.6271186 | H113: 105 | I113: 0 | J113: 0 | K113: 0 | L113: 0
A114: 0102803000 | B114: Badoc | C114: 467 | D114: 20 | E114: 22 | F114: 42 | G114: 8.993576 | H114: 86 | I114: 0 | J114: 0 | K114: 0 | L114: 0
A115: 0102804000 | B115: Bangui | C115: 189 | D115: 4 | E115: 4 | F115: 8 | G115: 4.2328042 | H115: -11 | I115: 0 | J115: 0 | K115: 0 | L115: 0
A116: 0102805000 | B116: City of Batac | C116: 874 | D116: 27 | E116: 25 | F116: 52 | G116: 5.9496568 | H116: 98 | I116: 0 | J116: 0 | K116: 0 | L116: 0
...

Sheet Aug
A1: Immunization Services for Infants and Children
A2: Fully Immunized Children & Completely Immunized Children
A3: Philippines, 2025 August
A5: PSGC 10 | B5: Region, Province/City, and Municipality | C5: Projected Population (0-12 months old) (Previous cohort) | D5: FIC | H5: Projected population 0-12 months (previous cohort) minus previous FIC | I5: CIC
D6: Male | E6: Female | F6: Total | G6: % | I6: Male | J6: Female | K6: Total | L6: %
B7: PHILIPPINES | C7: 2392392 | D7: 63209 | E7: 60487 | F7: 123696 | G7: 5.1703901 | H7: 840855 | I7: 4351 | J7: 3949 | K7: 8300 | L7: 0.98709052
A8: 1300000000 | B8: NCR | C8: 285798 | D8: 9203 | E8: 8928 | F8: 18131 | G8: 6.3439912 | H8: 60578 | I8: 509 | J8: 492 | K8: 1001 | L8: 1.6524151
A9: 1380100000 | B9: City of Caloocan | C9: 36488 | D9: 1007 | E9: 911 | F9: 1918 | G9: 5.2565227 | H9: 10459 | I9: 32 | J9: 38 | K9: 70 | L9: 0.66928005
A10: 1380200000 | B10: City of Las Piñas | C10: 12284 | D10: 410 | E10: 370 | F10: 780 | G10: 6.3497232 | H10: 2457 | I10: 17 | J10: 17 | K10: 34 | L10: 1.3838014
A11: 1380300000 | B11: City of Makati | C11: 4580 | D11: 192 | E11: 170 | F11: 362 | G11: 7.9039301 | H11: 269 | I11: 3 | J11: 2 | K11: 5 | L11: 1.8587361
A12: 1380400000 | B12: City of Malabon | C12: 8070 | D12: 195 | E12: 187 | F12: 382 | G12: 4.7335812 | H12: 1806 | I12: 21 | J12: 26 | K12: 47 | L12: 2.6024363
A13: 1380500000 | B13: City of Mandaluyong | C13: 8672 | D13: 210 | E13: 223 | F13: 433 | G13: 4.9930812 | H13: 318 | I13: 6 | J13: 6 | K13: 12 | L13: 3.7735849
A14: 1380600000 | B14: City of Manila | C14: 37288 | D14: 1571 | E14: 1516 | F14: 3087 | G14: 8.2788028 | H14: 1758 | I14: 106 | J14: 101 | K14: 207 | L14: 11.774744
A15: 1380700000 | B15: City of Marikina | C15: 9135 | D15: 128 | E15: 151 | F15: 279 | G15: 3.0541872 | H15: 5810 | I15: 21 | J15: 16 | K15: 37 | L15: 0.63683305
A16: 1380800000 | B16: City of Muntinlupa | C16: 10788 | D16: 79 | E16: 86 | F16: 165 | G16: 1.5294772 | H16: 4892 | I16: 5 | J16: 3 | K16: 8 | L16: 0.1635323
A17: 1380900000 | B17: City of Navotas | C17: 5718 | D17: 123 | E17: 145 | F17: 268 | G17: 4.6869535 | H17: 276 | I17: 0 | J17: 0 | K17: 0 | L17: 0
A18: 1381000000 | B18: City of Parañaque | C18: 14517 | D18: 314 | E18: 325 | F18: 639 | G18: 4.4017359 | H18: 2053 | I18: 27 | J18: 15 | K18: 42 | L18: 2.0457867
A19: 1381100000 | B19: Pasay City | C19: 7684 | D19: 225 | E19: 235 | F19: 460 | G19: 5.9864654 | H19: 1507 | I19: 14 | J19: 15 | K19: 29 | L19: 1.924353
A20: 1381200000 | B20: City of Pasig | C20: 19265 | D20: 786 | E20: 764 | F20: 1550 | G20: 8.0456787 | H20: 2803 | I20: 21 | J20: 18 | K20: 39 | L20: 1.3913664
A21: 1381300000 | B21: Quezon City | C21: 64737 | D21: 2572 | E21: 2536 | F21: 5108 | G21: 7.8903873 | H21: -868 | I21: 133 | J21: 131 | K21: 264 | L21: -30.414747
A22: 1381400000 | B22: City of San Juan | C22: 2363 | D22: 51 | E22: 50 | F22: 101 | G22: 4.2742277 | H22: 1266 | I22: 4 | J22: 1 | K22: 5 | L22: 0.39494471
A23: 1381500000 | B23: City of Taguig | C23: 28175 | D23: 786 | E23: 715 | F23: 1501 | G23: 5.3274179 | H23: 17945 | I23: 99 | J23: 93 | K23: 192 | L23: 1.0699359
A24: 1381600000 | B24: City of Valenzuela | C24: 14813 | D24: 528 | E24: 526 | F24: 1054 | G24: 7.1153716 | H24: 7459 | I24: 0 | J24: 5 | K24: 5 | L24: 0.067033114
A25: 1381701000 | B25: Pateros | C25: 1221 | D25: 26 | E25: 18 | F25: 44 | G25: 3.6036036 | H25: 368 | I25: 0 | J25: 5 | K25: 5 | L25: 1.3586957
A26: 1400000000 | B26: CAR | C26: 34199 | D26: 943 | E26: 883 | F26: 1826 | G26: 5.3393374 | H26: 11531 | I26: 73 | J26: 66 | K26: 139 | L26: 1.2054462
A27: 1400100000 | B27: Abra | C27: 3951 | D27: 161 | E27: 113 | F27: 274 | G27: 6.9349532 | H27: 758 | I27: 1 | J27: 0 | K27: 1 | L27: 0.13192612
A28: 1400101000 | B28: Bangued | C28: 808 | D28: 41 | E28: 39 | F28: 80 | G28: 9.9009901 | H28: 62 | I28: 0 | J28: 0 | K28: 0 | L28: 0
A29: 1400102000 | B29: Boliney | C29: 79 | D29: 2 | E29: 2 | F29: 4 | G29: 5.0632911 | H29: 41 | I29: 0 | J29: 0 | K29: 0 | L29: 0
A30: 1400103000 | B30: Bucay | C30: 279 | D30: 11 | E30: 5 | F30: 16 | G30: 5.734767 | H30: 24 | I30: 0 | J30: 0 | K30: 0 | L30: 0
A31: 1400104000 | B31: Bucloc | C31: 30 | D31: 1 | E31: 1 | F31: 2 | G31: 6.6666667 | H31: 17 | I31: 0 | J31: 0 | K31: 0 | L31: 0
A32: 1400105000 | B32: Daguioman | C32: 34 | D32: 0 | E32: 0 | F32: 0 | G32: 0 | H32: 9 | I32: 0 | J32: 0 | K32: 0 | L32: 0
A33: 1400106000 | B33: Danglas | C33: 60 | D33: 3 | E33: 3 | F33: 6 | G33: 10 | H33: 0 | I33: 0 | J33: 0 | K33: 0 | L33: 0
A34: 1400107000 | B34: Dolores | C34: 193 | D34: 9 | E34: 6 | F34: 15 | G34: 7.7720207 | H34: 20 | I34: 1 | J34: 0 | K34: 1 | L34: 5
A35: 1400108000 | B35: La Paz | C35: 268 | D35: 12 | E35: 9 | F35: 21 | G35: 7.8358209 | H35: -2 | I35: 0 | J35: 0 | K35: 0 | L35: 0
A36: 1400109000 | B36: Lacub | C36: 67 | D36: 3 | E36: 0 | F36: 3 | G36: 4.4776119 | H36: 42 | I36: 0 | J36: 0 | K36: 0 | L36: 0
A37: 1400110000 | B37: Lagangilang | C37: 243 | D37: 8 | E37: 6 | F37: 14 | G37: 5.7613169 | H37: 46 | I37: 0 | J37: 0 | K37: 0 | L37: 0
A38: 1400111000 | B38: Lagayan | C38: 64 | D38: 0 | E38: 2 | F38: 2 | G38: 3.125 | H38: 3 | I38: 0 | J38: 0 | K38: 0 | L38: 0
... A54: 1400127000 | B54: Villaviciosa | C54: 91 | D54: 2 | E54: 2 | F54: 4 | G54: 4.3956044 | H54: 27 | I54: 0 | J54: 0 | K54: 0 | L54: 0
A55: 1401100000 | B55: Benguet | C55: 9666 | D55: 200 | E55: 209 | F55: 409 | G55: 4.2313263 | H55: 4686 | I55: 34 | J55: 30 | K55: 64 | L55: 1.3657704
A56: 1401101000 | B56: Atok | C56: 364 | D56: 7 | E56: 10 | F56: 17 | G56: 4.6703297 | H56: 174 | I56: 0 | J56: 2 | K56: 2 | L56: 1.1494253
A57: 1401103000 | B57: Bakun | C57: 326 | D57: 5 | E57: 6 | F57: 11 | G57: 3.3742331 | H57: 169 | I57: 0 | J57: 0 | K57: 0 | L57: 0
A58: 1401104000 | B58: Bokod | C58: 317 | D58: 12 | E58: 8 | F58: 20 | G58: 6.3091483 | H58: 136 | I58: 0 | J58: 0 | K58: 0 | L58: 0
A59: 1401105000 | B59: Buguias | C59: 1045 | D59: 29 | E59: 22 | F59: 51 | G59: 4.8803828 | H59: 477 | I59: 0 | J59: 0 | K59: 0 | L59: 0
A60: 1401106000 | B60: Itogon | C60: 1208 | D60: 12 | E60: 16 | F60: 28 | G60: 2.3178808 | H60: 746 | I60: 3 | J60: 5 | K60: 8 | L60: 1.0723861
A61: 1401107000 | B61: Kabayan | C61: 340 | D61: 5 | E61: 9 | F61: 14 | G61: 4.1176471 | H61: 132 | I61: 4 | J61: 1 | K61: 5 | L61: 3.7878788
A62: 1401108000 | B62: Kapangan | C62: 294 | D62: 8 | E62: 11 | F62: 19 | G62: 6.462585 | H62: 117 | I62: 0 | J62: 1 | K62: 1 | L62: 0.85470085
A63: 1401109000 | B63: Kibungan | C63: 411 | D63: 7 | E63: 9 | F63: 16 | G63: 3.892944 | H63: 207 | I63: 1 | J63: 1 | K63: 2 | L63: 0.96618357
A64: 1401110000 | B64: La Trinidad | C64: 2934 | D64: 54 | E64: 55 | F64: 109 | G64: 3.7150648 | H64: 1465 | I64: 21 | J64: 19 | K64: 40 | L64: 2.7303754
A65: 1401111000 | B65: Mankayan | C65: 936 | D65: 18 | E65: 21 | F65: 39 | G65: 4.1666667 | H65: 427 | I65: 1 | J65: 0 | K65: 1 | L65: 0.23419204
A66: 1401112000 | B66: Sablan | C66: 182 | D66: 5 | E66: 3 | F66: 8 | G66: 4.3956044 | H66: 63 | I66: 0 | J66: 0 | K66: 0 | L66: 0
A67: 1401113000 | B67: Tuba | C67: 911 | D67: 23 | E67: 15 | F67: 38 | G67: 4.1712404 | H67: 532 | I67: 4 | J67: 1 | K67: 5 | L67: 0.93984962
A68: 1401114000 | B68: Tublay | C68: 398 | D68: 15 | E68: 24 | F68: 39 | G68: 9.798995 | H68: 41 | I68: 0 | J68: 0 | K68: 0 | L68: 0
A69: 1402700000 | B69: Ifugao | C69: 4502 | D69: 106 | E69: 113 | F69: 219 | G69: 4.8645047 | H69: 1516 | I69: 11 | J69: 6 | K69: 17 | L69: 1.121372
A70: 1402701000 | B70: Banaue | C70: 368 | D70: 9 | E70: 7 | F70: 16 | G70: 4.3478261 | H70: 145 | I70: 5 | J70: 3 | K70: 8 | L70: 5.5172414
A71: 1402702000 | B71: Hungduan | C71: 187 | D71: 8 | E71: 2 | F71: 10 | G71: 5.3475936 | H71: 90 | I71: 0 | J71: 0 | K71: 0 | L71: 0
A72: 1402703000 | B72: Kiangan | C72: 336 | D72: 11 | E72: 7 | F72: 18 | G72: 5.3571429 | H72: 102 | I72: 1 | J72: 0 | K72: 1 | L72: 0.98039216
A73: 1402704000 | B73: Lagawe | C73: 373 | D73: 11 | E73: 9 | F73: 20 | G73: 5.3619303 | H73: 124 | I73: 1 | J73: 0 | K73: 1 | L73: 0.80645161
A74: 1402705000 | B74: Lamut | C74: 531 | D74: 15 | E74: 19 | F74: 34 | G74: 6.4030132 | H74: 152 | I74: 0 | J74: 0 | K74: 0 | L74: 0
A75: 1402706000 | B75: Mayoyao | C75: 320 | D75: 8 | E75: 14 | F75: 22 | G75: 6.875 | H75: 178 | I75: 0 | J75: 0 | K75: 0 | L75: 0
A76: 1402707000 | B76: Alfonso Lista | C76: 705 | D76: 20 | E76: 10 | F76: 30 | G76: 4.2553191 | H76: 117 | I76: 1 | J76: 0 | K76: 1 | L76: 0.85470085
A77: 1402708000 | B77: Aguinaldo | C77: 556 | D77: 7 | E77: 20 | F77: 27 | G77: 4.8561151 | H77: 193 | I77: 1 | J77: 1 | K77: 2 | L77: 1.0362694
A78: 1402709000 | B78: Hingyon | C78: 174 | D78: 4 | E78: 7 | F78: 11 | G78: 6.3218391 | H78: 68 | I78: 1 | J78: 1 | K78: 2 | L78: 2.9411765
A79: 1402710000 | B79: Tinoc | C79: 484 | D79: 5 | E79: 6 | F79: 11 | G79: 2.2727273 | H79: 132 | I79: 1 | J79: 1 | K79: 2 | L79: 1.5151515
A80: 1402711000 | B80: Asipulo | C80: 468 | D80: 8 | E80: 12 | F80: 20 | G80: 4.2735043 | H80: 215 | I80: 0 | J80: 0 | K80: 0 | L80: 0
A81: 1403200000 | B81: Kalinga | C81: 4979 | D81: 174 | E81: 154 | F81: 328 | G81: 6.5876682 | H81: 906 | I81: 0 | J81: 0 | K81: 0 | L81: 0
A82: 1403201000 | B82: Balbalan | C82: 198 | D82: 6 | E82: 7 | F82: 13 | G82: 6.5656566 | H82: 46 | I82: 0 | J82: 0 | K82: 0 | L82: 0
A83: 1403206000 | B83: Lubuagan | C83: 181 | D83: 4 | E83: 8 | F83: 12 | G83: 6.6298343 | H83: 51 | I83: 0 | J83: 0 | K83: 0 | L83: 0
A84: 1403208000 | B84: Pasil | C84: 207 | D84: 6 | E84: 5 | F84: 11 | G84: 5.3140097 | H84: 86 | I84: 0 | J84: 0 | K84: 0 | L84: 0
A85: 1403209000 | B85: Pinukpuk | C85: 739 | D85: 21 | E85: 26 | F85: 47 | G85: 6.3599459 | H85: 351 | I85: 0 | J85: 0 | K85: 0 | L85: 0
A86: 1403211000 | B86: Rizal | C86: 419 | D86: 11 | E86: 13 | F86: 24 | G86: 5.7279236 | H86: 121 | I86: 0 | J86: 0 | K86: 0 | L86: 0
A87: 1403213000 | B87: City of Tabuk | C87: 2809 | D87: 115 | E87: 90 | F87: 205 | G87: 7.2979708 | H87: 106 | I87: 0 | J87: 0 | K87: 0 | L87: 0
A88: 1403214000 | B88: Tanudan | C88: 151 | D88: 2 | E88: 3 | F88: 5 | G88: 3.3112583 | H88: 23 | I88: 0 | J88: 0 | K88: 0 | L88: 0
A89: 1403215000 | B89: Tinglayan | C89: 275 | D89: 9 | E89: 2 | F89: 11 | G89: 4 | H89: 122 | I89: 0 | J89: 0 | K89: 0 | L89: 0
A90: 1404400000 | B90: Mountain Province | C90: 2838 | D90: 90 | E90: 76 | F90: 166 | G90: 5.8491896 | H90: 820 | I90: 0 | J90: 0 | K90: 0 | L90: 0
A91: 1404401000 | B91: Barlig | C91: 81 | D91: 2 | E91: 4 | F91: 6 | G91: 7.4074074 | H91: 33 | I91: 0 | J91: 0 | K91: 0 | L91: 0
A92: 1404402000 | B92: Bauko | C92: 605 | D92: 25 | E92: 15 | F92: 40 | G92: 6.6115702 | H92: 78 | I92: 0 | J92: 0 | K92: 0 | L92: 0
A93: 1404403000 | B93: Besao | C93: 124 | D93: 2 | E93: 1 | F93: 3 | G93: 2.4193548 | H93: 50 | I93: 0 | J93: 0 | K93: 0 | L93: 0
A94: 1404404000 | B94: Bontoc | C94: 405 | D94: 14 | E94: 12 | F94: 26 | G94: 6.4197531 | H94: 109 | I94: 0 | J94: 0 | K94: 0 | L94: 0
A95: 1404405000 | B95: Natonin | C95: 183 | D95: 5 | E95: 6 | F95: 11 | G95: 6.010929 | H95: 47 | I95: 0 | J95: 0 | K95: 0 | L95: 0
A96: 1404406000 | B96: Paracelis | C96: 712 | D96: 15 | E96: 11 | F96: 26 | G96: 3.6516854 | H96: 298 | I96: 0 | J96: 0 | K96: 0 | L96: 0
A97: 1404407000 | B97: Sabangan | C97: 160 | D97: 9 | E97: 3 | F97: 12 | G97: 7.5 | H97: 66 | I97: 0 | J97: 0 | K97: 0 | L97: 0
A98: 1404408000 | B98: Sadanga | C98: 125 | D98: 3 | E98: 4 | F98: 7 | G98: 5.6 | H98: 2 | I98: 0 | J98: 0 | K98: 0 | L98: 0
A99: 1404409000 | B99: Sagada | C99: 168 | D99: 7 | E99: 12 | F99: 19 | G99: 11.309524 | H99: 64 | I99: 0 | J99: 0 | K99: 0 | L99: 0
A100: 1404410000 | B100: Tadian | C100: 275 | D100: 8 | E100: 8 | F100: 16 | G100: 5.8181818 | H100: 73 | I100: 0 | J100: 0 | K100: 0 | L100: 0
A101: 1408100000 | B101: Apayao | C101: 2416 | D101: 62 | E101: 71 | F101: 133 | G101: 5.5049669 | H101: 689 | I101: 1 | J101: 1 | K101: 2 | L101: 0.29027576
A102: 1408101000 | B102: Calanasan | C102: 215 | D102: 5 | E102: 6 | F102: 11 | G102: 5.1162791 | H102: 62 | I102: 0 | J102: 0 | K102: 0 | L102: 0
A103: 1408102000 | B103: Conner | C103: 621 | D103: 17 | E103: 18 | F103: 35 | G103: 5.6360709 | H103: 229 | I103: 0 | J103: 0 | K103: 0 | L103: 0
A104: 1408103000 | B104: Flora | C104: 351 | D104: 10 | E104: 10 | F104: 20 | G104: 5.6980057 | H104: 146 | I104: 0 | J104: 0 | K104: 0 | L104: 0
A105: 1408104000 | B105: Kabugao | C105: 291 | D105: 8 | E105: 7 | F105: 15 | G105: 5.1546392 | H105: 39 | I105: 1 | J105: 1 | K105: 2 | L105: 5.1282051
A106: 1408105000 | B106: Luna | C106: 440 | D106: 7 | E106: 10 | F106: 17 | G106: 3.8636364 | H106: 162 | I106: 0 | J106: 0 | K106: 0 | L106: 0
A107: 1408106000 | B107: Pudtol | C107: 266 | D107: 9 | E107: 12 | F107: 21 | G107: 7.8947368 | H107: 18 | I107: 0 | J107: 0 | K107: 0 | L107: 0
A108: 1408107000 | B108: Santa Marcela | C108: 232 | D108: 6 | E108: 8 | F108: 14 | G108: 6.0344828 | H108: 33 | I108: 0 | J108: 0 | K108: 0 | L108: 0
A109: 1430300000 | B109: City of Baguio | C109: 5847 | D109: 150 | E109: 147 | F109: 297 | G109: 5.079528 | H109: 2156 | I109: 26 | J109: 29 | K109: 55 | L109: 2.5510204
A110: 0100000000 | B110: Region 1 | C110: 104281 | D110: 3223 | E110: 3047 | F110: 6270 | G110: 6.0126006 | H110: 25963 | I110: 44 | J110: 25 | K110: 69 | L110: 0.26576282
A111: 0102800000 | B111: Ilocos Norte | C111: 9590 | D111: 352 | E111: 336 | F111: 688 | G111: 7.1741397 | H111: 870 | I111: 0 | J111: 0 | K111: 0 | L111: 0
A112: 0102801000 | B112: Adams | C112: 59 | D112: 1 | E112: 0 | F112: 1 | G112: 1.6949153 | H112: 39 | I112: 0 | J112: 0 | K112: 0 | L112: 0
A113: 0102802000 | B113: Bacarra | C113: 472 | D113: 16 | E113: 20 | F113: 36 | G113: 7.6271186 | H113: 105 | I113: 0 | J113: 0 | K113: 0 | L113: 0
A114: 0102803000 | B114: Badoc | C114: 467 | D114: 12 | E114: 16 | F114: 28 | G114: 5.9957173 | H114: 86 | I114: 0 | J114: 0 | K114: 0 | L114: 0
A115: 0102804000 | B115: Bangui | C115: 189 | D115: 6 | E115: 5 | F115: 11 | G115: 5.8201058 | H115: -11 | I115: 0 | J115: 0 | K115: 0 | L115: 0
A116: 0102805000 | B116: City of Batac | C116: 874 | D116: 30 | E116: 33 | F116: 63 | G116: 7.208238 | H116: 98 | I116: 0 | J116: 0 | K116: 0 | L116: 0
...

Sheet Sep
A1: Immunization Services for Infants and Children
A2: Fully Immunized Children & Completely Immunized Children
A3: Philippines, 2025 September
A5: PSGC 10 | B5: Region, Province/City, and Municipality | C5: Projected Population (0-12 months old) (Previous cohort) | D5: FIC | H5: Projected population 0-12 months (previous cohort) minus previous FIC | I5: CIC
D6: Male | E6: Female | F6: Total | G6: % | I6: Male | J6: Female | K6: Total | L6: %
B7: PHILIPPINES | C7: 2392392 | D7: 71182 | E7: 68357 | F7: 139539 | G7: 5.8326144 | H7: 840855 | I7: 4260 | J7: 3895 | K7: 8155 | L7: 0.96984617
A8: 1300000000 | B8: NCR | C8: 285798 | D8: 10390 | E8: 10113 | F8: 20503 | G8: 7.173948 | H8: 60578 | I8: 431 | J8: 394 | K8: 825 | L8: 1.3618806
A9: 1380100000 | B9: City of Caloocan | C9: 36488 | D9: 1086 | E9: 1082 | F9: 2168 | G9: 5.9416795 | H9: 10459 | I9: 38 | J9: 28 | K9: 66 | L9: 0.63103547
A10: 1380200000 | B10: City of Las Piñas | C10: 12284 | D10: 373 | E10: 343 | F10: 716 | G10: 5.8287203 | H10: 2457 | I10: 13 | J10: 18 | K10: 31 | L10: 1.2617013
A11: 1380300000 | B11: City of Makati | C11: 4580 | D11: 185 | E11: 185 | F11: 370 | G11: 8.0786026 | H11: 269 | I11: 2 | J11: 5 | K11: 7 | L11: 2.6022305
A12: 1380400000 | B12: City of Malabon | C12: 8070 | D12: 206 | E12: 207 | F12: 413 | G12: 5.11772 | H12: 1806 | I12: 27 | J12: 23 | K12: 50 | L12: 2.7685493
A13: 1380500000 | B13: City of Mandaluyong | C13: 8672 | D13: 404 | E13: 377 | F13: 781 | G13: 9.0059963 | H13: 318 | I13: 5 | J13: 3 | K13: 8 | L13: 2.5157233
A14: 1380600000 | B14: City of Manila | C14: 37288 | D14: 1688 | E14: 1650 | F14: 3338 | G14: 8.9519416 | H14: 1758 | I14: 86 | J14: 73 | K14: 159 | L14: 9.0443686
A15: 1380700000 | B15: City of Marikina | C15: 9135 | D15: 143 | E15: 158 | F15: 301 | G15: 3.2950192 | H15: 5810 | I15: 18 | J15: 22 | K15: 40 | L15: 0.68846816
A16: 1380800000 | B16: City of Muntinlupa | C16: 10788 | D16: 131 | E16: 144 | F16: 275 | G16: 2.5491287 | H16: 4892 | I16: 17 | J16: 13 | K16: 30 | L16: 0.61324612
A17: 1380900000 | B17: City of Navotas | C17: 5718 | D17: 153 | E17: 141 | F17: 294 | G17: 5.1416579 | H17: 276 | I17: 4 | J17: 2 | K17: 6 | L17: 2.173913
A18: 1381000000 | B18: City of Parañaque | C18: 14517 | D18: 965 | E18: 981 | F18: 1946 | G18: 13.404973 | H18: 2053 | I18: 18 | J18: 16 | K18: 34 | L18: 1.656113
A19: 1381100000 | B19: Pasay City | C19: 7684 | D19: 403 | E19: 386 | F19: 789 | G19: 10.26809 | H19: 1507 | I19: 10 | J19: 11 | K19: 21 | L19: 1.393497
A20: 1381200000 | B20: City of Pasig | C20: 19265 | D20: 871 | E20: 788 | F20: 1659 | G20: 8.6114716 | H20: 2803 | I20: 4 | J20: 8 | K20: 12 | L20: 0.42811274
A21: 1381300000 | B21: Quezon City | C21: 64737 | D21: 2601 | E21: 2603 | F21: 5204 | G21: 8.0386796 | H21: -868 | I21: 112 | J21: 101 | K21: 213 | L21: -24.539171
A22: 1381400000 | B22: City of San Juan | C22: 2363 | D22: 69 | E22: 54 | F22: 123 | G22: 5.2052476 | H22: 1266 | I22: 2 | J22: 1 | K22: 3 | L22: 0.23696682
A23: 1381500000 | B23: City of Taguig | C23: 28175 | D23: 797 | E23: 676 | F23: 1473 | G23: 5.228039 | H23: 17945 | I23: 71 | J23: 62 | K23: 133 | L23: 0.74115352
A24: 1381600000 | B24: City of Valenzuela | C24: 14813 | D24: 285 | E24: 296 | F24: 581 | G24: 3.9222305 | H24: 7459 | I24: 3 | J24: 5 | K24: 8 | L24: 0.10725298
A25: 1381701000 | B25: Pateros | C25: 1221 | D25: 30 | E25: 42 | F25: 72 | G25: 5.8968059 | H25: 368 | I25: 1 | J25: 3 | K25: 4 | L25: 1.0869565
A26: 1400000000 | B26: CAR | C26: 34199 | D26: 1012 | E26: 868 | F26: 1880 | G26: 5.4972368 | H26: 11531 | I26: 54 | J26: 40 | K26: 94 | L26: 0.81519383
A27: 1400100000 | B27: Abra | C27: 3951 | D27: 162 | E27: 130 | F27: 292 | G27: 7.390534 | H27: 758 | I27: 1 | J27: 2 | K27: 3 | L27: 0.39577836
A28: 1400101000 | B28: Bangued | C28: 808 | D28: 50 | E28: 46 | F28: 96 | G28: 11.881188 | H28: 62 | I28: 0 | J28: 0 | K28: 0 | L28: 0
A29: 1400102000 | B29: Boliney | C29: 79 | D29: 3 | E29: 1 | F29: 4 | G29: 5.0632911 | H29: 41 | I29: 0 | J29: 0 | K29: 0 | L29: 0
A30: 1400103000 | B30: Bucay | C30: 279 | D30: 13 | E30: 6 | F30: 19 | G30: 6.8100358 | H30: 24 | I30: 0 | J30: 0 | K30: 0 | L30: 0
A31: 1400104000 | B31: Bucloc | C31: 30 | D31: 1 | E31: 1 | F31: 2 | G31: 6.6666667 | H31: 17 | I31: 0 | J31: 0 | K31: 0 | L31: 0
A32: 1400105000 | B32: Daguioman | C32: 34 | D32: 1 | E32: 1 | F32: 2 | G32: 5.8823529 | H32: 9 | I32: 0 | J32: 0 | K32: 0 | L32: 0
A33: 1400106000 | B33: Danglas | C33: 60 | D33: 2 | E33: 7 | F33: 9 | G33: 15 | H33: 0 | I33: 0 | J33: 0 | K33: 0 | L33: 0
A34: 1400107000 | B34: Dolores | C34: 193 | D34: 13 | E34: 8 | F34: 21 | G34: 10.880829 | H34: 20 | I34: 0 | J34: 0 | K34: 0 | L34: 0
A35: 1400108000 | B35: La Paz | C35: 268 | D35: 1 | E35: 3 | F35: 4 | G35: 1.4925373 | H35: -2 | I35: 0 | J35: 0 | K35: 0 | L35: 0
A36: 1400109000 | B36: Lacub | C36: 67 | D36: 4 | E36: 1 | F36: 5 | G36: 7.4626866 | H36: 42 | I36: 0 | J36: 0 | K36: 0 | L36: 0
A37: 1400110000 | B37: Lagangilang | C37: 243 | D37: 1 | E37: 11 | F37: 12 | G37: 4.9382716 | H37: 46 | I37: 0 | J37: 0 | K37: 0 | L37: 0
A38: 1400111000 | B38: Lagayan | C38: 64 | D38: 4 | E38: 0 | F38: 4 | G38: 6.25 | H38: 3 | I38: 0 | J38: 0 | K38: 0 | L38: 0
... A54: 1400127000 | B54: Villaviciosa | C54: 91 | D54: 4 | E54: 1 | F54: 5 | G54: 5.4945055 | H54: 27 | I54: 0 | J54: 0 | K54: 0 | L54: 0
A55: 1401100000 | B55: Benguet | C55: 9666 | D55: 227 | E55: 182 | F55: 409 | G55: 4.2313263 | H55: 4686 | I55: 21 | J55: 12 | K55: 33 | L55: 0.70422535
A56: 1401101000 | B56: Atok | C56: 364 | D56: 13 | E56: 7 | F56: 20 | G56: 5.4945055 | H56: 174 | I56: 0 | J56: 0 | K56: 0 | L56: 0
A57: 1401103000 | B57: Bakun | C57: 326 | D57: 9 | E57: 5 | F57: 14 | G57: 4.2944785 | H57: 169 | I57: 0 | J57: 0 | K57: 0 | L57: 0
A58: 1401104000 | B58: Bokod | C58: 317 | D58: 5 | E58: 3 | F58: 8 | G58: 2.5236593 | H58: 136 | I58: 0 | J58: 0 | K58: 0 | L58: 0
A59: 1401105000 | B59: Buguias | C59: 1045 | D59: 29 | E59: 19 | F59: 48 | G59: 4.5933014 | H59: 477 | I59: 0 | J59: 0 | K59: 0 | L59: 0
A60: 1401106000 | B60: Itogon | C60: 1208 | D60: 13 | E60: 12 | F60: 25 | G60: 2.0695364 | H60: 746 | I60: 5 | J60: 3 | K60: 8 | L60: 1.0723861
A61: 1401107000 | B61: Kabayan | C61: 340 | D61: 6 | E61: 8 | F61: 14 | G61: 4.1176471 | H61: 132 | I61: 0 | J61: 1 | K61: 1 | L61: 0.75757576
A62: 1401108000 | B62: Kapangan | C62: 294 | D62: 8 | E62: 9 | F62: 17 | G62: 5.7823129 | H62: 117 | I62: 0 | J62: 0 | K62: 0 | L62: 0
A63: 1401109000 | B63: Kibungan | C63: 411 | D63: 8 | E63: 11 | F63: 19 | G63: 4.622871 | H63: 207 | I63: 0 | J63: 0 | K63: 0 | L63: 0
A64: 1401110000 | B64: La Trinidad | C64: 2934 | D64: 59 | E64: 51 | F64: 110 | G64: 3.7491479 | H64: 1465 | I64: 12 | J64: 6 | K64: 18 | L64: 1.2286689
A65: 1401111000 | B65: Mankayan | C65: 936 | D65: 39 | E65: 23 | F65: 62 | G65: 6.6239316 | H65: 427 | I65: 0 | J65: 1 | K65: 1 | L65: 0.23419204
A66: 1401112000 | B66: Sablan | C66: 182 | D66: 3 | E66: 4 | F66: 7 | G66: 3.8461538 | H66: 63 | I66: 0 | J66: 0 | K66: 0 | L66: 0
A67: 1401113000 | B67: Tuba | C67: 911 | D67: 18 | E67: 19 | F67: 37 | G67: 4.0614709 | H67: 532 | I67: 4 | J67: 1 | K67: 5 | L67: 0.93984962
A68: 1401114000 | B68: Tublay | C68: 398 | D68: 17 | E68: 11 | F68: 28 | G68: 7.0351759 | H68: 41 | I68: 0 | J68: 0 | K68: 0 | L68: 0
A69: 1402700000 | B69: Ifugao | C69: 4502 | D69: 110 | E69: 88 | F69: 198 | G69: 4.3980453 | H69: 1516 | I69: 8 | J69: 4 | K69: 12 | L69: 0.79155673
A70: 1402701000 | B70: Banaue | C70: 368 | D70: 7 | E70: 3 | F70: 10 | G70: 2.7173913 | H70: 145 | I70: 1 | J70: 0 | K70: 1 | L70: 0.68965517
A71: 1402702000 | B71: Hungduan | C71: 187 | D71: 3 | E71: 1 | F71: 4 | G71: 2.1390374 | H71: 90 | I71: 0 | J71: 0 | K71: 0 | L71: 0
A72: 1402703000 | B72: Kiangan | C72: 336 | D72: 11 | E72: 13 | F72: 24 | G72: 7.1428571 | H72: 102 | I72: 0 | J72: 0 | K72: 0 | L72: 0
A73: 1402704000 | B73: Lagawe | C73: 373 | D73: 11 | E73: 6 | F73: 17 | G73: 4.5576408 | H73: 124 | I73: 1 | J73: 1 | K73: 2 | L73: 1.6129032
A74: 1402705000 | B74: Lamut | C74: 531 | D74: 13 | E74: 9 | F74: 22 | G74: 4.1431262 | H74: 152 | I74: 0 | J74: 1 | K74: 1 | L74: 0.65789474
A75: 1402706000 | B75: Mayoyao | C75: 320 | D75: 1 | E75: 5 | F75: 6 | G75: 1.875 | H75: 178 | I75: 0 | J75: 0 | K75: 0 | L75: 0
A76: 1402707000 | B76: Alfonso Lista | C76: 705 | D76: 24 | E76: 19 | F76: 43 | G76: 6.0992908 | H76: 117 | I76: 1 | J76: 0 | K76: 1 | L76: 0.85470085
A77: 1402708000 | B77: Aguinaldo | C77: 556 | D77: 9 | E77: 10 | F77: 19 | G77: 3.4172662 | H77: 193 | I77: 4 | J77: 2 | K77: 6 | L77: 3.1088083
A78: 1402709000 | B78: Hingyon | C78: 174 | D78: 5 | E78: 4 | F78: 9 | G78: 5.1724138 | H78: 68 | I78: 0 | J78: 0 | K78: 0 | L78: 0
A79: 1402710000 | B79: Tinoc | C79: 484 | D79: 12 | E79: 9 | F79: 21 | G79: 4.338843 | H79: 132 | I79: 1 | J79: 0 | K79: 1 | L79: 0.75757576
A80: 1402711000 | B80: Asipulo | C80: 468 | D80: 14 | E80: 9 | F80: 23 | G80: 4.9145299 | H80: 215 | I80: 0 | J80: 0 | K80: 0 | L80: 0
A81: 1403200000 | B81: Kalinga | C81: 4979 | D81: 162 | E81: 138 | F81: 300 | G81: 6.0253063 | H81: 906 | I81: 1 | J81: 2 | K81: 3 | L81: 0.33112583
A82: 1403201000 | B82: Balbalan | C82: 198 | D82: 8 | E82: 5 | F82: 13 | G82: 6.5656566 | H82: 46 | I82: 1 | J82: 1 | K82: 2 | L82: 4.3478261
A83: 1403206000 | B83: Lubuagan | C83: 181 | D83: 5 | E83: 9 | F83: 14 | G83: 7.7348066 | H83: 51 | I83: 0 | J83: 0 | K83: 0 | L83: 0
A84: 1403208000 | B84: Pasil | C84: 207 | D84: 4 | E84: 8 | F84: 12 | G84: 5.7971014 | H84: 86 | I84: 0 | J84: 0 | K84: 0 | L84: 0
A85: 1403209000 | B85: Pinukpuk | C85: 739 | D85: 21 | E85: 9 | F85: 30 | G85: 4.0595399 | H85: 351 | I85: 0 | J85: 0 | K85: 0 | L85: 0
A86: 1403211000 | B86: Rizal | C86: 419 | D86: 11 | E86: 14 | F86: 25 | G86: 5.9665871 | H86: 121 | I86: 0 | J86: 0 | K86: 0 | L86: 0
A87: 1403213000 | B87: City of Tabuk | C87: 2809 | D87: 108 | E87: 82 | F87: 190 | G87: 6.7639729 | H87: 106 | I87: 0 | J87: 0 | K87: 0 | L87: 0
A88: 1403214000 | B88: Tanudan | C88: 151 | D88: 2 | E88: 6 | F88: 8 | G88: 5.2980132 | H88: 23 | I88: 0 | J88: 0 | K88: 0 | L88: 0
A89: 1403215000 | B89: Tinglayan | C89: 275 | D89: 3 | E89: 5 | F89: 8 | G89: 2.9090909 | H89: 122 | I89: 0 | J89: 1 | K89: 1 | L89: 0.81967213
A90: 1404400000 | B90: Mountain Province | C90: 2838 | D90: 63 | E90: 68 | F90: 131 | G90: 4.6159267 | H90: 820 | I90: 0 | J90: 0 | K90: 0 | L90: 0
A91: 1404401000 | B91: Barlig | C91: 81 | D91: 2 | E91: 1 | F91: 3 | G91: 3.7037037 | H91: 33 | I91: 0 | J91: 0 | K91: 0 | L91: 0
A92: 1404402000 | B92: Bauko | C92: 605 | D92: 22 | E92: 28 | F92: 50 | G92: 8.2644628 | H92: 78 | I92: 0 | J92: 0 | K92: 0 | L92: 0
A93: 1404403000 | B93: Besao | C93: 124 | D93: 3 | E93: 1 | F93: 4 | G93: 3.2258065 | H93: 50 | I93: 0 | J93: 0 | K93: 0 | L93: 0
A94: 1404404000 | B94: Bontoc | C94: 405 | D94: 14 | E94: 8 | F94: 22 | G94: 5.4320988 | H94: 109 | I94: 0 | J94: 0 | K94: 0 | L94: 0
A95: 1404405000 | B95: Natonin | C95: 183 | D95: 3 | E95: 0 | F95: 3 | G95: 1.6393443 | H95: 47 | I95: 0 | J95: 0 | K95: 0 | L95: 0
A96: 1404406000 | B96: Paracelis | C96: 712 | D96: 0 | E96: 0 | F96: 0 | G96: 0 | H96: 298 | I96: 0 | J96: 0 | K96: 0 | L96: 0
A97: 1404407000 | B97: Sabangan | C97: 160 | D97: 3 | E97: 11 | F97: 14 | G97: 8.75 | H97: 66 | I97: 0 | J97: 0 | K97: 0 | L97: 0
A98: 1404408000 | B98: Sadanga | C98: 125 | D98: 3 | E98: 7 | F98: 10 | G98: 8 | H98: 2 | I98: 0 | J98: 0 | K98: 0 | L98: 0
A99: 1404409000 | B99: Sagada | C99: 168 | D99: 3 | E99: 6 | F99: 9 | G99: 5.3571429 | H99: 64 | I99: 0 | J99: 0 | K99: 0 | L99: 0
A100: 1404410000 | B100: Tadian | C100: 275 | D100: 10 | E100: 6 | F100: 16 | G100: 5.8181818 | H100: 73 | I100: 0 | J100: 0 | K100: 0 | L100: 0
A101: 1408100000 | B101: Apayao | C101: 2416 | D101: 89 | E101: 67 | F101: 156 | G101: 6.4569536 | H101: 689 | I101: 1 | J101: 0 | K101: 1 | L101: 0.14513788
A102: 1408101000 | B102: Calanasan | C102: 215 | D102: 6 | E102: 3 | F102: 9 | G102: 4.1860465 | H102: 62 | I102: 0 | J102: 0 | K102: 0 | L102: 0
A103: 1408102000 | B103: Conner | C103: 621 | D103: 13 | E103: 18 | F103: 31 | G103: 4.9919485 | H103: 229 | I103: 0 | J103: 0 | K103: 0 | L103: 0
A104: 1408103000 | B104: Flora | C104: 351 | D104: 14 | E104: 7 | F104: 21 | G104: 5.982906 | H104: 146 | I104: 1 | J104: 0 | K104: 1 | L104: 0.68493151
A105: 1408104000 | B105: Kabugao | C105: 291 | D105: 13 | E105: 5 | F105: 18 | G105: 6.185567 | H105: 39 | I105: 0 | J105: 0 | K105: 0 | L105: 0
A106: 1408105000 | B106: Luna | C106: 440 | D106: 14 | E106: 7 | F106: 21 | G106: 4.7727273 | H106: 162 | I106: 0 | J106: 0 | K106: 0 | L106: 0
A107: 1408106000 | B107: Pudtol | C107: 266 | D107: 20 | E107: 17 | F107: 37 | G107: 13.909774 | H107: 18 | I107: 0 | J107: 0 | K107: 0 | L107: 0
A108: 1408107000 | B108: Santa Marcela | C108: 232 | D108: 9 | E108: 10 | F108: 19 | G108: 8.1896552 | H108: 33 | I108: 0 | J108: 0 | K108: 0 | L108: 0
A109: 1430300000 | B109: City of Baguio | C109: 5847 | D109: 199 | E109: 195 | F109: 394 | G109: 6.7384984 | H109: 2156 | I109: 22 | J109: 20 | K109: 42 | L109: 1.9480519
A110: 0100000000 | B110: Region 1 | C110: 104281 | D110: 3395 | E110: 3271 | F110: 6666 | G110: 6.3923438 | H110: 25963 | I110: 30 | J110: 18 | K110: 48 | L110: 0.18487848
A111: 0102800000 | B111: Ilocos Norte | C111: 9590 | D111: 365 | E111: 386 | F111: 751 | G111: 7.831074 | H111: 870 | I111: 0 | J111: 0 | K111: 0 | L111: 0
A112: 0102801000 | B112: Adams | C112: 59 | D112: 0 | E112: 0 | F112: 0 | G112: 0 | H112: 39 | I112: 0 | J112: 0 | K112: 0 | L112: 0
A113: 0102802000 | B113: Bacarra | C113: 472 | D113: 24 | E113: 21 | F113: 45 | G113: 9.5338983 | H113: 105 | I113: 0 | J113: 0 | K113: 0 | L113: 0
A114: 0102803000 | B114: Badoc | C114: 467 | D114: 10 | E114: 9 | F114: 19 | G114: 4.0685225 | H114: 86 | I114: 0 | J114: 0 | K114: 0 | L114: 0
A115: 0102804000 | B115: Bangui | C115: 189 | D115: 8 | E115: 8 | F115: 16 | G115: 8.4656085 | H115: -11 | I115: 0 | J115: 0 | K115: 0 | L115: 0
A116: 0102805000 | B116: City of Batac | C116: 874 | D116: 24 | E116: 22 | F116: 46 | G116: 5.2631579 | H116: 98 | I116: 0 | J116: 0 | K116: 0 | L116: 0
...

Sheet Qtr4
A1: Immunization Services for Infants and Children
A2: Fully Immunized Children & Completely Immunized Children
A3: Philippines, 2025 4th Quarter
A5: PSGC 10 | B5: Region, Province/City, and Municipality | C5: Projected Population (0-12 months old) (Previous cohort) | D5: FIC | H5: Projected population 0-12 months (previous cohort) minus previous FIC | I5: CIC
D6: Male | E6: Female | F6: Total | G6: % | I6: Male | J6: Female | K6: Total | L6: %
B7: PHILIPPINES | C7: 2392392 | D7: 214937 | E7: 206216 | F7: 421153 | G7: 17.603846 | H7: 840855 | I7: 11626 | J7: 10715 | K7: 22341 | L7: 2.6569385
A8: 1300000000 | B8: NCR | C8: 285798 | D8: 35169 | E8: 34245 | F8: 69414 | G8: 24.287784 | H8: 60578 | I8: 1584 | J8: 1585 | K8: 3169 | L8: 5.2312721
A9: 1380100000 | B9: City of Caloocan | C9: 36488 | D9: 4850 | E9: 4826 | F9: 9676 | G9: 26.518307 | H9: 10459 | I9: 65 | J9: 78 | K9: 143 | L9: 1.3672435
A10: 1380200000 | B10: City of Las Piñas | C10: 12284 | D10: 1669 | E10: 1767 | F10: 3436 | G10: 27.971345 | H10: 2457 | I10: 166 | J10: 208 | K10: 374 | L10: 15.221815
A11: 1380300000 | B11: City of Makati | C11: 4580 | D11: 536 | E11: 561 | F11: 1097 | G11: 23.951965 | H11: 269 | I11: 4 | J11: 2 | K11: 6 | L11: 2.2304833
A12: 1380400000 | B12: City of Malabon | C12: 8070 | D12: 703 | E12: 663 | F12: 1366 | G12: 16.92689 | H12: 1806 | I12: 77 | J12: 65 | K12: 142 | L12: 7.86268
A13: 1380500000 | B13: City of Mandaluyong | C13: 8672 | D13: 1142 | E13: 1075 | F13: 2217 | G13: 25.565037 | H13: 318 | I13: 20 | J13: 16 | K13: 36 | L13: 11.320755
A14: 1380600000 | B14: City of Manila | C14: 37288 | D14: 4408 | E14: 4230 | F14: 8638 | G14: 23.16563 | H14: 1758 | I14: 107 | J14: 95 | K14: 202 | L14: 11.49033
A15: 1380700000 | B15: City of Marikina | C15: 9135 | D15: 386 | E15: 459 | F15: 845 | G15: 9.2501368 | H15: 5810 | I15: 95 | J15: 63 | K15: 158 | L15: 2.7194492
A16: 1380800000 | B16: City of Muntinlupa | C16: 10788 | D16: 912 | E16: 877 | F16: 1789 | G16: 16.583241 | H16: 4892 | I16: 129 | J16: 124 | K16: 253 | L16: 5.1717089
A17: 1380900000 | B17: City of Navotas | C17: 5718 | D17: 1022 | E17: 1047 | F17: 2069 | G17: 36.18398 | H17: 276 | I17: 8 | J17: 10 | K17: 18 | L17: 6.5217391
A18: 1381000000 | B18: City of Parañaque | C18: 14517 | D18: 3195 | E18: 3167 | F18: 6362 | G18: 43.824482 | H18: 2053 | I18: 31 | J18: 56 | K18: 87 | L18: 4.2377009
A19: 1381100000 | B19: Pasay City | C19: 7684 | D19: 1002 | E19: 938 | F19: 1940 | G19: 25.247267 | H19: 1507 | I19: 71 | J19: 63 | K19: 134 | L19: 8.8918381
A20: 1381200000 | B20: City of Pasig | C20: 19265 | D20: 2608 | E20: 2415 | F20: 5023 | G20: 26.07319 | H20: 2803 | I20: 54 | J20: 54 | K20: 108 | L20: 3.8530146
A21: 1381300000 | B21: Quezon City | C21: 64737 | D21: 8517 | E21: 8232 | F21: 16749 | G21: 25.872376 | H21: -868 | I21: 388 | J21: 352 | K21: 740 | L21: -85.253456
A22: 1381400000 | B22: City of San Juan | C22: 2363 | D22: 246 | E22: 231 | F22: 477 | G22: 20.186204 | H22: 1266 | I22: 24 | J22: 23 | K22: 47 | L22: 3.7124803
A23: 1381500000 | B23: City of Taguig | C23: 28175 | D23: 2763 | E23: 2601 | F23: 5364 | G23: 19.038154 | H23: 17945 | I23: 338 | J23: 359 | K23: 697 | L23: 3.8840903
A24: 1381600000 | B24: City of Valenzuela | C24: 14813 | D24: 1068 | E24: 1017 | F24: 2085 | G24: 14.075474 | H24: 7459 | I24: 7 | J24: 10 | K24: 17 | L24: 0.22791259
A25: 1381701000 | B25: Pateros | C25: 1221 | D25: 142 | E25: 139 | F25: 281 | G25: 23.013923 | H25: 368 | I25: 0 | J25: 7 | K25: 7 | L25: 1.9021739
A26: 1400000000 | B26: CAR | C26: 34199 | D26: 2598 | E26: 2382 | F26: 4980 | G26: 14.561829 | H26: 11531 | I26: 211 | J26: 209 | K26: 420 | L26: 3.6423554
A27: 1400100000 | B27: Abra | C27: 3951 | D27: 434 | E27: 367 | F27: 801 | G27: 20.273349 | H27: 758 | I27: 3 | J27: 0 | K27: 3 | L27: 0.39577836
A28: 1400101000 | B28: Bangued | C28: 808 | D28: 124 | E28: 104 | F28: 228 | G28: 28.217822 | H28: 62 | I28: 0 | J28: 0 | K28: 0 | L28: 0
A29: 1400102000 | B29: Boliney | C29: 79 | D29: 4 | E29: 6 | F29: 10 | G29: 12.658228 | H29: 41 | I29: 0 | J29: 0 | K29: 0 | L29: 0
A30: 1400103000 | B30: Bucay | C30: 279 | D30: 28 | E30: 32 | F30: 60 | G30: 21.505376 | H30: 24 | I30: 0 | J30: 0 | K30: 0 | L30: 0
A31: 1400104000 | B31: Bucloc | C31: 30 | D31: 5 | E31: 4 | F31: 9 | G31: 30 | H31: 17 | I31: 0 | J31: 0 | K31: 0 | L31: 0
A32: 1400105000 | B32: Daguioman | C32: 34 | D32: 0 | E32: 0 | F32: 0 | G32: 0 | H32: 9 | I32: 0 | J32: 0 | K32: 0 | L32: 0
A33: 1400106000 | B33: Danglas | C33: 60 | D33: 8 | E33: 8 | F33: 16 | G33: 26.666667 | H33: 0 | I33: 0 | J33: 0 | K33: 0 | L33: 0
A34: 1400107000 | B34: Dolores | C34: 193 | D34: 16 | E34: 20 | F34: 36 | G34: 18.65285 | H34: 20 | I34: 0 | J34: 0 | K34: 0 | L34: 0
A35: 1400108000 | B35: La Paz | C35: 268 | D35: 37 | E35: 25 | F35: 62 | G35: 23.134328 | H35: -2 | I35: 0 | J35: 0 | K35: 0 | L35: 0
A36: 1400109000 | B36: Lacub | C36: 67 | D36: 5 | E36: 2 | F36: 7 | G36: 10.447761 | H36: 42 | I36: 0 | J36: 0 | K36: 0 | L36: 0
A37: 1400110000 | B37: Lagangilang | C37: 243 | D37: 20 | E37: 15 | F37: 35 | G37: 14.403292 | H37: 46 | I37: 0 | J37: 0 | K37: 0 | L37: 0
A38: 1400111000 | B38: Lagayan | C38: 64 | D38: 10 | E38: 5 | F38: 15 | G38: 23.4375 | H38: 3 | I38: 0 | J38: 0 | K38: 0 | L38: 0
... A54: 1400127000 | B54: Villaviciosa | C54: 91 | D54: 10 | E54: 10 | F54: 20 | G54: 21.978022 | H54: 27 | I54: 0 | J54: 0 | K54: 0 | L54: 0
A55: 1401100000 | B55: Benguet | C55: 9666 | D55: 529 | E55: 492 | F55: 1021 | G55: 10.562797 | H55: 4686 | I55: 72 | J55: 71 | K55: 143 | L55: 3.0516432
A56: 1401101000 | B56: Atok | C56: 364 | D56: 30 | E56: 23 | F56: 53 | G56: 14.56044 | H56: 174 | I56: 0 | J56: 0 | K56: 0 | L56: 0
A57: 1401103000 | B57: Bakun | C57: 326 | D57: 16 | E57: 14 | F57: 30 | G57: 9.202454 | H57: 169 | I57: 1 | J57: 3 | K57: 4 | L57: 2.3668639
A58: 1401104000 | B58: Bokod | C58: 317 | D58: 24 | E58: 15 | F58: 39 | G58: 12.302839 | H58: 136 | I58: 0 | J58: 0 | K58: 0 | L58: 0
A59: 1401105000 | B59: Buguias | C59: 1045 | D59: 66 | E59: 45 | F59: 111 | G59: 10.62201 | H59: 477 | I59: 0 | J59: 1 | K59: 1 | L59: 0.20964361
A60: 1401106000 | B60: Itogon | C60: 1208 | D60: 45 | E60: 40 | F60: 85 | G60: 7.0364238 | H60: 746 | I60: 19 | J60: 11 | K60: 30 | L60: 4.0214477
A61: 1401107000 | B61: Kabayan | C61: 340 | D61: 14 | E61: 21 | F61: 35 | G61: 10.294118 | H61: 132 | I61: 3 | J61: 0 | K61: 3 | L61: 2.2727273
A62: 1401108000 | B62: Kapangan | C62: 294 | D62: 18 | E62: 26 | F62: 44 | G62: 14.965986 | H62: 117 | I62: 0 | J62: 0 | K62: 0 | L62: 0
A63: 1401109000 | B63: Kibungan | C63: 411 | D63: 17 | E63: 19 | F63: 36 | G63: 8.7591241 | H63: 207 | I63: 0 | J63: 0 | K63: 0 | L63: 0
A64: 1401110000 | B64: La Trinidad | C64: 2934 | D64: 94 | E64: 105 | F64: 199 | G64: 6.7825494 | H64: 1465 | I64: 38 | J64: 35 | K64: 73 | L64: 4.9829352
A65: 1401111000 | B65: Mankayan | C65: 936 | D65: 77 | E65: 68 | F65: 145 | G65: 15.491453 | H65: 427 | I65: 2 | J65: 1 | K65: 3 | L65: 0.70257611
A66: 1401112000 | B66: Sablan | C66: 182 | D66: 15 | E66: 11 | F66: 26 | G66: 14.285714 | H66: 63 | I66: 0 | J66: 1 | K66: 1 | L66: 1.5873016
A67: 1401113000 | B67: Tuba | C67: 911 | D67: 70 | E67: 84 | F67: 154 | G67: 16.904501 | H67: 532 | I67: 9 | J67: 19 | K67: 28 | L67: 5.2631579
A68: 1401114000 | B68: Tublay | C68: 398 | D68: 43 | E68: 21 | F68: 64 | G68: 16.080402 | H68: 41 | I68: 0 | J68: 0 | K68: 0 | L68: 0
A69: 1402700000 | B69: Ifugao | C69: 4502 | D69: 284 | E69: 249 | F69: 533 | G69: 11.839183 | H69: 1516 | I69: 17 | J69: 24 | K69: 41 | L69: 2.7044855
A70: 1402701000 | B70: Banaue | C70: 368 | D70: 16 | E70: 18 | F70: 34 | G70: 9.2391304 | H70: 145 | I70: 5 | J70: 8 | K70: 13 | L70: 8.9655172
A71: 1402702000 | B71: Hungduan | C71: 187 | D71: 5 | E71: 4 | F71: 9 | G71: 4.8128342 | H71: 90 | I71: 1 | J71: 0 | K71: 1 | L71: 1.1111111
A72: 1402703000 | B72: Kiangan | C72: 336 | D72: 27 | E72: 22 | F72: 49 | G72: 14.583333 | H72: 102 | I72: 1 | J72: 0 | K72: 1 | L72: 0.98039216
A73: 1402704000 | B73: Lagawe | C73: 373 | D73: 29 | E73: 22 | F73: 51 | G73: 13.672922 | H73: 124 | I73: 0 | J73: 0 | K73: 0 | L73: 0
A74: 1402705000 | B74: Lamut | C74: 531 | D74: 49 | E74: 37 | F74: 86 | G74: 16.195857 | H74: 152 | I74: 0 | J74: 1 | K74: 1 | L74: 0.65789474
A75: 1402706000 | B75: Mayoyao | C75: 320 | D75: 6 | E75: 22 | F75: 28 | G75: 8.75 | H75: 178 | I75: 3 | J75: 2 | K75: 5 | L75: 2.8089888
A76: 1402707000 | B76: Alfonso Lista | C76: 705 | D76: 77 | E76: 46 | F76: 123 | G76: 17.446809 | H76: 117 | I76: 1 | J76: 1 | K76: 2 | L76: 1.7094017
